"curve_set","species_qc","nfi_species","region_ecologique","subregion_ecologique","type_ecologique","n_trees","n_observations","b1","b2","b3","pseudo_r2","equation_used","raw_pdf_row"
"IQSobserved","BOP","BETU.PAP","2c","","FE22","25","494","20.60336","0.04619","1.24463","0.93","CR","BOP 2c  FE22 25 494 20,60336 0,04619 1,24463 0,93 CR PEG 2c  FE22"
"IQSobserved","BOP","BETU.PAP","3a","","MJ12","19","367","21.36901","0.02780","1.18075","0.95","CR","BOP 3a  MJ12 19 367 21,36901 0,02780 1,18075 0,95 CR"
"IQSobserved","BOP","BETU.PAP","3a","","MJ21","28","553","19.59501","0.03886","1.19975","0.87","CR","BOP 3a  MJ21 28 553 19,59501 0,03886 1,19975 0,87 CR"
"IQSobserved","BOP","BETU.PAP","3a","","MJ22","25","532","23.43230","0.02372","1.18212","0.96","CR","BOP 3a  MJ22 25 532 23,43230 0,02372 1,18212 0,96 CR"
"IQSobserved","BOP","BETU.PAP","3c","","MJ12","18","377","24.15592","0.01932","1.09037","0.97","CR","BOP 3c  MJ12 18 377 24,15592 0,01932 1,09037 0,97 CR"
"IQSobserved","BOP","BETU.PAP","3d","","MJ12","24","465","21.43354","0.02872","1.16960","0.96","CR","BOP 3d  MJ12 24 465 21,43354 0,02872 1,16960 0,96 CR"
"IQSobserved","BOP","BETU.PAP","4b","","MJ22","32","629","23.81714","0.02297","1.14705","0.97","CR","BOP 4b  MJ22 32 629 23,81714 0,02297 1,14705 0,97 CR"
"IQSobserved","BOP","BETU.PAP","4b","","MS22","30","604","20.20989","0.03031","1.19936","0.97","CR","BOP 4b  MS22 30 604 20,20989 0,03031 1,19936 0,97 CR"
"IQSobserved","BOP","BETU.PAP","4b","","RS22","30","508","19.08289","0.01926","1.00691","0.94","CR","BOP 4b  RS22 30 508 19,08289 0,01926 1,00691 0,94 CR"
"IQSobserved","BOP","BETU.PAP","4c","","MJ22","25","474","24.94323","0.01881","1.06486","0.92","CR","BOP 4c  MJ22 25 474 24,94323 0,01881 1,06486 0,92 CR"
"IQSobserved","BOP","BETU.PAP","4c","","MS22","25","473","24.77823","0.01972","1.04536","0.98","CR","BOP 4c  MS22 25 473 24,77823 0,01972 1,04536 0,98 CR"
"IQSobserved","BOP","BETU.PAP","4d","","MS12","24","424","21.88825","0.01960","1.05063","0.96","WE","BOP 4d  MS12 24 424 21,88825 0,01960 1,05063 0,96 WE"
"IQSobserved","BOP","BETU.PAP","4f","","MS12","25","438","20.40652","0.02627","1.11663","0.92","CR","BOP 4f  MS12 25 438 20,40652 0,02627 1,11663 0,92 CR"
"IQSobserved","BOP","BETU.PAP","4f","","MS13","25","441","25.59873","0.01737","1.06975","0.95","CR","BOP 4f  MS13 25 441 25,59873 0,01737 1,06975 0,95 CR BOP 4f  MS22"
"IQSobserved","BOP","BETU.PAP","4g","","MS13","26","445","17.95118","0.03277","1.18734","0.97","CR","BOP 4g  MS13 26 445 17,95118 0,03277 1,18734 0,97 CR EPB 4g  MS12"
"IQSobserved","BOP","BETU.PAP","4h","","MS13","25","435","18.58342","0.03408","1.16703","0.97","CR","BOP 4h  MS13 25 435 18,58342 0,03408 1,16703 0,97 CR"
"IQSobserved","BOP","BETU.PAP","5b","","MS22","25","485","22.97126","0.02768","1.17287","0.95","CR","BOP 5b  MS22 25 485 22,97126 0,02768 1,17287 0,95 CR"
"IQSobserved","BOP","BETU.PAP","5c","","MS22","27","516","21.18939","0.02708","1.17138","0.95","CR","BOP 5c  MS22 27 516 21,18939 0,02708 1,17138 0,95 CR"
"IQSobserved","BOP","BETU.PAP","5c","","RS22","25","404","21.18656","0.02008","1.07677","0.96","CR","BOP 5c  RS22 25 404 21,18656 0,02008 1,07677 0,96 CR"
"IQSobserved","BOP","BETU.PAP","5d","","MS12","23","388","16.78177","0.02383","1.09252","0.96","WE","BOP 5d  MS12 23 388 16,78177 0,02383 1,09252 0,96 WE"
"IQSobserved","BOP","BETU.PAP","5d","","MS22","31","589","20.61568","0.01537","1.16242","0.95","WE","BOP 5d  MS22 31 589 20,61568 0,01537 1,16242 0,95 WE"
"IQSobserved","BOP","BETU.PAP","5d","","RS22","29","518","20.06585","0.01574","1.11220","0.94","WE","BOP 5d  RS22 29 518 20,06585 0,01574 1,11220 0,94 WE"
"IQSobserved","BOP","BETU.PAP","5e","","MS22","25","377","15.30326","0.03284","1.07888","0.86","CR","BOP 5e  MS22 25 377 15,30326 0,03284 1,07888 0,86 CR"
"IQSobserved","BOP","BETU.PAP","5f","5fS","MS22","25","374","14.08495","0.02666","0.98774","0.93","CR","BOP 5f 5fS MS22 25 374 14,08495 0,02666 0,98774 0,93 CR"
"IQSobserved","BOP","BETU.PAP","5g","","MS22","25","400","17.92137","0.03034","1.12158","0.97","CR","BOP 5g  MS22 25 400 17,92137 0,03034 1,12158 0,97 CR"
"IQSobserved","BOP","BETU.PAP","5h","","MS23","23","359","19.28405","0.01733","1.00512","0.91","CR","BOP 5h  MS23 23 359 19,28405 0,01733 1,00512 0,91 CR"
"IQSobserved","BOP","BETU.PAP","5i","","MS23","23","349","19.21112","0.02221","1.12000","0.86","CR","BOP 5i  MS23 23 349 19,21112 0,02221 1,12000 0,86 CR"
"IQSobserved","BOP","BETU.PAP","6e","","MS22","24","443","20.22595","0.02022","1.01805","0.96","WE","BOP 6e  MS22 24 443 20,22595 0,02022 1,01805 0,96 WE"
"IQSobserved","BOP","BETU.PAP","6e","","RS22","30","512","18.12184","0.01855","1.06505","0.92","WE","BOP 6e  RS22 30 512 18,12184 0,01855 1,06505 0,92 WE"
"IQSobserved","EPB","PICE.GLA","2a","","MJ11","16","323","23.71000","0.02032","1.26098","0.76","CR","EPB 2a  MJ11 16 323 23,71000 0,02032 1,26098 0,76 CR(3)"
"IQSobserved","EPB","PICE.GLA","2b","","MJ14","19","343","25.23190","0.02203","1.27726","0.88","CR","EPB 2b  MJ14 19 343 25,23190 0,02203 1,27726 0,88 CR"
"IQSobserved","EPB","PICE.GLA","3a","","MJ12","17","363","38.71539","0.01235","1.27873","0.77","CR","EPB 3a  MJ12 17 363 38,71539 0,01235 1,27873 0,77 CR"
"IQSobserved","EPB","PICE.GLA","3a","","MJ21","22","408","30.38442","0.01738","1.35395","0.87","CR","EPB 3a  MJ21 22 408 30,38442 0,01738 1,35395 0,87 CR"
"IQSobserved","EPB","PICE.GLA","3a","","MJ22","28","599","27.99135","0.01773","1.31978","0.82","CR","EPB 3a  MJ22 28 599 27,99135 0,01773 1,31978 0,82 CR"
"IQSobserved","EPB","PICE.GLA","3b","","MJ12","25","520","55.87754","0.00766","1.37269","0.80","CR","EPB 3b  MJ12 25 520 55,87754 0,00766 1,37269 0,80 CR"
"IQSobserved","EPB","PICE.GLA","3b","","MJ21","25","469","22.64001","0.02142","1.27319","0.75","CR","EPB 3b  MJ21 25 469 22,64001 0,02142 1,27319 0,75 CR"
"IQSobserved","EPB","PICE.GLA","3b","","MJ22","30","646","33.72709","0.01743","1.30319","0.87","CR","EPB 3b  MJ22 30 646 33,72709 0,01743 1,30319 0,87 CR"
"IQSobserved","EPB","PICE.GLA","3c","","MJ12","29","593","22.20548","0.00726","1.26325","0.77","WE","EPB 3c  MJ12 29 593 22,20548 0,00726 1,26325 0,77 WE"
"IQSobserved","EPB","PICE.GLA","3c","","MJ22","15","277","18.63518","0.00281","1.51513","0.79","WE","EPB 3c  MJ22 15 277 18,63518 0,00281 1,51513 0,79 WE"
"IQSobserved","EPB","PICE.GLA","3c","","MJ25","16","298","39.34234","0.00438","1.12878","0.82","WE","EPB 3c  MJ25 16 298 39,34234 0,00438 1,12878 0,82 WE"
"IQSobserved","EPB","PICE.GLA","3d","","MJ12","13","259","33.34170","0.01241","1.14000","0.89","CR","EPB 3d  MJ12 13 259 33,34170 0,01241 1,14000 0,89 CR"
"IQSobserved","EPB","PICE.GLA","3d","","MJ15","24","501","34.02036","0.01246","1.28524","0.80","CR","EPB 3d  MJ15 24 501 34,02036 0,01246 1,28524 0,80 CR"
"IQSobserved","EPB","PICE.GLA","3d","","MJ22","30","539","23.35185","0.02242","1.24312","0.78","CR","EPB 3d  MJ22 30 539 23,35185 0,02242 1,24312 0,78 CR"
"IQSobserved","EPB","PICE.GLA","3d","","MJ25","31","649","16.37988","0.01318","1.27535","0.63","WE","EPB 3d  MJ25 31 649 16,37988 0,01318 1,27535 0,63 WE EPR 3d  RS55"
"IQSobserved","EPB","PICE.GLA","4a","","MJ22","21","394","17.29159","0.03071","1.43818","0.66","CR","EPB 4a  MJ22 21 394 17,29159 0,03071 1,43818 0,66 CR"
"IQSobserved","EPB","PICE.GLA","4b","","MS22","25","485","20.95862","0.02904","1.35616","0.87","CR","EPB 4b  MS22 25 485 20,95862 0,02904 1,35616 0,87 CR"
"IQSobserved","EPB","PICE.GLA","4c","","MJ22","24","484","18.40819","0.03587","1.50288","0.70","CR","EPB 4c  MJ22 24 484 18,40819 0,03587 1,50288 0,70 CR"
"IQSobserved","EPB","PICE.GLA","4c","","MS22","29","590","20.44443","0.02910","1.38867","0.73","CR","EPB 4c  MS22 29 590 20,44443 0,02910 1,38867 0,73 CR"
"IQSobserved","EPB","PICE.GLA","4c","","MS25","16","267","27.29570","0.01252","1.22151","0.79","CR","EPB 4c  MS25 16 267 27,29570 0,01252 1,22151 0,79 CR"
"IQSobserved","EPB","PICE.GLA","4c","","RS22","21","447","31.97571","0.01571","1.25082","0.84","CR","EPB 4c  RS22 21 447 31,97571 0,01571 1,25082 0,84 CR"
"IQSobserved","EPB","PICE.GLA","4d","","MS12","15","245","17.70734","0.02647","1.37159","0.77","CR","EPB 4d  MS12 15 245 17,70734 0,02647 1,37159 0,77 CR"
"IQSobserved","EPB","PICE.GLA","4d","","MS22","23","356","20.58682","0.02003","1.18314","0.83","CR","EPB 4d  MS22 23 356 20,58682 0,02003 1,18314 0,83 CR"
"IQSobserved","EPB","PICE.GLA","4f","","MS12","34","587","26.68325","0.01985","1.26436","0.87","CR","EPB 4f  MS12 34 587 26,68325 0,01985 1,26436 0,87 CR"
"IQSobserved","EPB","PICE.GLA","4f","","MS15","25","436","27.79084","0.01895","1.22857","0.86","CR","EPB 4f  MS15 25 436 27,79084 0,01895 1,22857 0,86 CR"
"IQSobserved","EPB","PICE.GLA","4f","","MS22","40","704","27.50315","0.01634","1.18761","0.84","CR","EPB 4f  MS22 40 704 27,50315 0,01634 1,18761 0,84 CR"
"IQSobserved","EPB","PICE.GLA","4f","","RS15","13","225","36.48489","0.00909","1.13712","0.89","CR","EPB 4f  RS15 13 225 36,48489 0,00909 1,13712 0,89 CR"
"IQSobserved","EPB","PICE.GLA","4f","","RS52","23","375","18.32567","0.01154","1.22557","0.93","WE","EPB 4f  RS52 23 375 18,32567 0,01154 1,22557 0,93 WE"
"IQSobserved","EPB","PICE.GLA","4h","","MS13","20","368","29.06362","0.01544","1.17274","0.81","CR","EPB 4h  MS13 20 368 29,06362 0,01544 1,17274 0,81 CR"
"IQSobserved","EPB","PICE.GLA","5a","","MS23","21","404","20.29308","0.02619","1.25226","0.75","CR","EPB 5a  MS23 21 404 20,29308 0,02619 1,25226 0,75 CR"
"IQSobserved","EPB","PICE.GLA","5b","","MS22","19","358","30.15580","0.00500","1.10967","0.79","WE","EPB 5b  MS22 19 358 30,15580 0,00500 1,10967 0,79 WE"
"IQSobserved","EPB","PICE.GLA","5c","","MS22","25","466","29.93849","0.01511","1.20896","0.88","CR","EPB 5c  MS22 25 466 29,93849 0,01511 1,20896 0,88 CR"
"IQSobserved","EPB","PICE.GLA","5d","","MS12","34","610","18.94719","0.02799","1.33128","0.79","CR","EPB 5d  MS12 34 610 18,94719 0,02799 1,33128 0,79 CR"
"IQSobserved","EPB","PICE.GLA","5d","","MS22","26","499","15.97130","0.03717","1.32810","0.69","CR","EPB 5d  MS22 26 499 15,97130 0,03717 1,32810 0,69 CR"
"IQSobserved","EPB","PICE.GLA","5e","5eS","MS22","20","331","33.03178","0.00866","1.07159","0.89","CR","EPB 5e 5eS MS22 20 331 33,03178 0,00866 1,07159 0,89 CR EPB 5e 5eT MS22"
"IQSobserved","EPB","PICE.GLA","5e","5eT","MS12","25","436","19.11158","0.02838","1.29137","0.72","CR","EPB 5e 5eT MS12 25 436 19,11158 0,02838 1,29137 0,72 CR"
"IQSobserved","EPB","PICE.GLA","5f","5fS","MS12","16","249","27.34963","0.01110","1.17861","0.72","CR","EPB 5f 5fS MS12 16 249 27,34963 0,01110 1,17861 0,72 CR EPB 5e  MS20"
"IQSobserved","EPB","PICE.GLA","5f","5fS","MS22","28","428","41.14634","0.00740","1.17421","0.91","CR","EPB 5f 5fS MS22 28 428 41,14634 0,00740 1,17421 0,91 CR EPN 5e 5eT RS20"
"IQSobserved","EPB","PICE.GLA","5g","","MS22","29","502","18.67973","0.00895","1.22258","0.74","WE","EPB 5g  MS22 29 502 18,67973 0,00895 1,22258 0,74 WE"
"IQSobserved","EPB","PICE.GLA","5h","","MS13","29","552","24.56125","0.01785","1.21391","0.76","CR","EPB 5h  MS13 29 552 24,56125 0,01785 1,21391 0,76 CR"
"IQSobserved","EPB","PICE.GLA","5h","","MS23","35","595","23.01703","0.01917","1.19926","0.89","CR","EPB 5h  MS23 35 595 23,01703 0,01917 1,19926 0,89 CR"
"IQSobserved","EPB","PICE.GLA","5i","","MS23","22","336","21.27954","0.01664","1.12738","0.93","CR","EPB 5i  MS23 22 336 21,27954 0,01664 1,12738 0,93 CR"
"IQSobserved","EPB","PICE.GLA","5i","","MS43","15","170","13.15625","0.01436","1.20915","0.76","CR","EPB 5i  MS43 15 170 13,15625 0,01436 1,20915 0,76 CR"
"IQSobserved","EPB","PICE.GLA","5j","","RB52","22","316","12.63031","0.00935","1.32581","0.74","WE","EPB 5j  RB52 22 316 12,63031 0,00935 1,32581 0,74 WE"
"IQSobserved","EPB","PICE.GLA","5j","","RB53","39","642","22.35189","0.00630","1.18987","0.92","WE","EPB 5j  RB53 39 642 22,35189 0,00630 1,18987 0,92 WE"
"IQSobserved","EPB","PICE.GLA","6e","","MS22","32","672","34.55830","0.01083","1.18687","0.85","CR","EPB 6e  MS22 32 672 34,55830 0,01083 1,18687 0,85 CR"
"IQSobserved","EPB","PICE.GLA","6i","","MS22","25","452","45.99843","0.00426","1.08099","0.92","WE","EPB 6i  MS22 25 452 45,99843 0,00426 1,08099 0,92 WE"
"IQSobserved","EPB","PICE.GLA","6j","","MS22","31","545","34.29898","0.00284","1.21590","0.85","WE","EPB 6j  MS22 31 545 34,29898 0,00284 1,21590 0,85 WE"
"IQSobserved","EPN","PICE.MAR","4a","","RS25","31","543","21.17820","0.02167","1.19046","0.87","CR","EPN 4a  RS25 31 543 21,17820 0,02167 1,19046 0,87 CR"
"IQSobserved","EPN","PICE.MAR","4b","","RE21","30","537","22.51619","0.02133","1.22220","0.85","CR","EPN 4b  RE21 30 537 22,51619 0,02133 1,22220 0,85 CR"
"IQSobserved","EPN","PICE.MAR","4b","","RS21","29","471","13.83030","0.03810","1.35666","0.72","CR","EPN 4b  RS21 29 471 13,83030 0,03810 1,35666 0,72 CR"
"IQSobserved","EPN","PICE.MAR","4b","","RS22","27","470","23.76060","0.01531","1.14883","0.85","CR","EPN 4b  RS22 27 470 23,76060 0,01531 1,14883 0,85 CR"
"IQSobserved","EPN","PICE.MAR","4c","","RE21","30","570","24.20905","0.00982","1.15689","0.94","WE","EPN 4c  RE21 30 570 24,20905 0,00982 1,15689 0,94 WE"
"IQSobserved","EPN","PICE.MAR","4c","","RE22","35","625","20.00411","0.01216","1.16640","0.95","WE","EPN 4c  RE22 35 625 20,00411 0,01216 1,16640 0,95 WE"
"IQSobserved","EPN","PICE.MAR","4c","","RS22","39","681","21.64243","0.01095","1.10567","0.82","WE","EPN 4c  RS22 39 681 21,64243 0,01095 1,10567 0,82 WE"
"IQSobserved","EPN","PICE.MAR","4d","","RS22","18","278","19.82538","0.02054","1.11042","0.94","CR","EPN 4d  RS22 18 278 19,82538 0,02054 1,11042 0,94 CR"
"IQSobserved","EPN","PICE.MAR","4e","","RE21","30","560","17.62826","0.01244","1.22105","0.87","WE","EPN 4e  RE21 30 560 17,62826 0,01244 1,22105 0,87 WE"
"IQSobserved","EPN","PICE.MAR","5a","","ME13","25","467","24.30137","0.01726","1.19240","0.82","CR","EPN 5a  ME13 25 467 24,30137 0,01726 1,19240 0,82 CR"
"IQSobserved","EPN","PICE.MAR","5a","","ME16","23","420","31.94870","0.00945","1.12727","0.94","CR","EPN 5a  ME16 23 420 31,94870 0,00945 1,12727 0,94 CR"
"IQSobserved","EPN","PICE.MAR","5a","","RE39","21","315","19.49318","0.01651","1.19055","0.86","CR","EPN 5a  RE39 21 315 19,49318 0,01651 1,19055 0,86 CR"
"IQSobserved","EPN","PICE.MAR","5b","","RE21","38","612","24.22471","0.01445","1.15156","0.92","CR","EPN 5b  RE21 38 612 24,22471 0,01445 1,15156 0,92 CR"
"IQSobserved","EPN","PICE.MAR","5b","","RE22","40","671","20.47371","0.02083","1.27389","0.88","CR","EPN 5b  RE22 40 671 20,47371 0,02083 1,27389 0,88 CR"
"IQSobserved","EPN","PICE.MAR","5b","","RE25","25","414","17.62894","0.02523","1.22688","0.86","CR","EPN 5b  RE25 25 414 17,62894 0,02523 1,22688 0,86 CR"
"IQSobserved","EPN","PICE.MAR","5b","","RS22","42","733","21.81734","0.02108","1.24727","0.85","CR","EPN 5b  RS22 42 733 21,81734 0,02108 1,24727 0,85 CR"
"IQSobserved","EPN","PICE.MAR","5c","","MS22","15","273","22.29283","0.01767","1.12521","0.88","CR","EPN 5c  MS22 15 273 22,29283 0,01767 1,12521 0,88 CR"
"IQSobserved","EPN","PICE.MAR","5c","","RE20","33","553","18.84177","0.02167","1.25901","0.88","CR","EPN 5c  RE20 33 553 18,84177 0,02167 1,25901 0,88 CR"
"IQSobserved","EPN","PICE.MAR","5c","","RE21","35","637","23.93994","0.01686","1.24182","0.94","CR","EPN 5c  RE21 35 637 23,93994 0,01686 1,24182 0,94 CR"
"IQSobserved","EPN","PICE.MAR","5c","","RE22","50","925","20.95453","0.01998","1.19438","0.90","CR","EPN 5c  RE22 50 925 20,95453 0,01998 1,19438 0,90 CR"
"IQSobserved","EPN","PICE.MAR","5c","","RE25","23","395","25.77854","0.01400","1.17541","0.92","CR","EPN 5c  RE25 23 395 25,77854 0,01400 1,17541 0,92 CR"
"IQSobserved","EPN","PICE.MAR","5c","","RE39","30","551","26.34718","0.01120","1.18624","0.90","CR","EPN 5c  RE39 30 551 26,34718 0,01120 1,18624 0,90 CR"
"IQSobserved","EPN","PICE.MAR","5c","","RS22","31","568","30.17797","0.01099","1.07654","0.91","CR","EPN 5c  RS22 31 568 30,17797 0,01099 1,07654 0,91 CR"
"IQSobserved","EPN","PICE.MAR","5d","","RE20","32","578","17.62437","0.01119","1.21854","0.87","WE","EPN 5d  RE20 32 578 17,62437 0,01119 1,21854 0,87 WE"
"IQSobserved","EPN","PICE.MAR","5d","","RE21","25","473","24.32001","0.00680","1.22763","0.96","WE","EPN 5d  RE21 25 473 24,32001 0,00680 1,22763 0,96 WE"
"IQSobserved","EPN","PICE.MAR","5d","","RE22","26","480","20.83928","0.00895","1.21420","0.93","WE","EPN 5d  RE22 26 480 20,83928 0,00895 1,21420 0,93 WE"
"IQSobserved","EPN","PICE.MAR","5d","","RS22","34","623","21.53623","0.00921","1.18499","0.91","WE","EPN 5d  RS22 34 623 21,53623 0,00921 1,18499 0,91 WE"
"IQSobserved","EPN","PICE.MAR","5f","5fS","RS22M","27","414","27.95001","0.00951","1.05517","0.88","CR","EPN 5f 5fS RS22M 27 414 27,95001 0,00951 1,05517 0,88 CR EPN 5e 5eT RS25"
"IQSobserved","EPN","PICE.MAR","5g","","RE21","23","335","15.20920","0.02996","1.31408","0.80","CR","EPN 5g  RE21 23 335 15,20920 0,02996 1,31408 0,80 CR"
"IQSobserved","EPN","PICE.MAR","5g","","RS20","17","225","18.71846","0.01798","1.27539","0.88","CR","EPN 5g  RS20 17 225 18,71846 0,01798 1,27539 0,88 CR"
"IQSobserved","EPN","PICE.MAR","5g","","RS21","23","324","24.47553","0.01215","1.16471","0.88","CR","EPN 5g  RS21 23 324 24,47553 0,01215 1,16471 0,88 CR"
"IQSobserved","EPN","PICE.MAR","5g","","RS22","39","599","24.35632","0.01397","1.19727","0.85","CR","EPN 5g  RS22 39 599 24,35632 0,01397 1,19727 0,85 CR"
"IQSobserved","EPN","PICE.MAR","5h","","RE23","24","360","21.11374","0.01643","1.12683","0.89","CR","EPN 5h  RE23 24 360 21,11374 0,01643 1,12683 0,89 CR"
"IQSobserved","EPN","PICE.MAR","5h","","RS23","21","327","39.98012","0.00719","1.14014","0.88","CR","EPN 5h  RS23 21 327 39,98012 0,00719 1,14014 0,88 CR"
"IQSobserved","EPN","PICE.MAR","5i","","RS23","22","349","34.03565","0.00902","1.10784","0.95","CR","EPN 5i  RS23 22 349 34,03565 0,00902 1,10784 0,95 CR"
"IQSobserved","EPN","PICE.MAR","5j","","RE38","20","204","9.92218","0.00625","1.27361","0.89","WE","EPN 5j  RE38 20 204 9,92218 0,00625 1,27361 0,89 WE"
"IQSobserved","EPN","PICE.MAR","5j","","RS23","20","269","14.83879","0.00854","1.18908","0.85","WE","EPN 5j  RS23 20 269 14,83879 0,00854 1,18908 0,85 WE"
"IQSobserved","EPN","PICE.MAR","6a","","ME13","28","523","27.12454","0.01544","1.19037","0.94","CR","EPN 6a  ME13 28 523 27,12454 0,01544 1,19037 0,94 CR"
"IQSobserved","EPN","PICE.MAR","6a","","ME16","25","470","26.58203","0.01661","1.16655","0.96","CR","EPN 6a  ME16 25 470 26,58203 0,01661 1,16655 0,96 CR"
"IQSobserved","EPN","PICE.MAR","6a","","RE21","25","451","22.34230","0.02059","1.20493","0.96","CR","EPN 6a  RE21 25 451 22,34230 0,02059 1,20493 0,96 CR"
"IQSobserved","EPN","PICE.MAR","6a","","RE22","25","383","16.25778","0.02370","1.25669","0.88","CR","EPN 6a  RE22 25 383 16,25778 0,02370 1,25669 0,88 CR"
"IQSobserved","EPN","PICE.MAR","6a","","RE37","15","267","20.28846","0.02203","1.22814","0.98","CR","EPN 6a  RE37 15 267 20,28846 0,02203 1,22814 0,98 CR"
"IQSobserved","EPN","PICE.MAR","6a","","RS22","25","439","19.18662","0.02776","1.29050","0.89","CR","EPN 6a  RS22 25 439 19,18662 0,02776 1,29050 0,89 CR"
"IQSobserved","EPN","PICE.MAR","6a","","RS26","18","323","27.12167","0.01399","1.16836","0.93","CR","EPN 6a  RS26 18 323 27,12167 0,01399 1,16836 0,93 CR"
"IQSobserved","EPN","PICE.MAR","6c","","RE21","25","425","20.29657","0.02036","1.25918","0.91","CR","EPN 6c  RE21 25 425 20,29657 0,02036 1,25918 0,91 CR"
"IQSobserved","EPN","PICE.MAR","6c","","RE22","19","334","22.59457","0.02080","1.24049","0.95","CR","EPN 6c  RE22 19 334 22,59457 0,02080 1,24049 0,95 CR"
"IQSobserved","EPN","PICE.MAR","6c","","RE24","25","432","25.39554","0.01493","1.20323","0.96","CR","EPN 6c  RE24 25 432 25,39554 0,01493 1,20323 0,96 CR"
"IQSobserved","EPN","PICE.MAR","6c","","RE25","29","529","21.15257","0.00853","1.17306","0.96","WE","EPN 6c  RE25 29 529 21,15257 0,00853 1,17306 0,96 WE"
"IQSobserved","EPN","PICE.MAR","6c","","RS22","25","409","27.23945","0.01235","1.14924","0.87","CR","EPN 6c  RS22 25 409 27,23945 0,01235 1,14924 0,87 CR"
"IQSobserved","EPN","PICE.MAR","6d","","RE11","25","380","18.81598","0.01820","1.23945","0.96","CR","EPN 6d  RE11 25 380 18,81598 0,01820 1,23945 0,96 CR"
"IQSobserved","EPN","PICE.MAR","6d","","RE12","25","361","18.77836","0.01676","1.19262","0.97","CR","EPN 6d  RE12 25 361 18,77836 0,01676 1,19262 0,97 CR"
"IQSobserved","EPN","PICE.MAR","6d","","RE21","25","400","18.08554","0.02148","1.20560","0.92","CR","EPN 6d  RE21 25 400 18,08554 0,02148 1,20560 0,92 CR"
"IQSobserved","EPN","PICE.MAR","6d","","RE22","25","425","18.38461","0.02285","1.22024","0.94","CR","EPN 6d  RE22 25 425 18,38461 0,02285 1,22024 0,94 CR"
"IQSobserved","EPN","PICE.MAR","6d","","RE25","25","387","18.72221","0.01791","1.15330","0.84","CR","EPN 6d  RE25 25 387 18,72221 0,01791 1,15330 0,84 CR"
"IQSobserved","EPN","PICE.MAR","6e","","RE21","35","557","21.07386","0.01717","1.18563","0.89","CR","EPN 6e  RE21 35 557 21,07386 0,01717 1,18563 0,89 CR"
"IQSobserved","EPN","PICE.MAR","6e","","RE22","29","519","26.69525","0.01378","1.18395","0.91","CR","EPN 6e  RE22 29 519 26,69525 0,01378 1,18395 0,91 CR"
"IQSobserved","EPN","PICE.MAR","6e","","RE25","20","339","21.69066","0.01517","1.18992","0.95","CR","EPN 6e  RE25 20 339 21,69066 0,01517 1,18992 0,95 CR"
"IQSobserved","EPN","PICE.MAR","6e","","RE37","24","375","15.18636","0.02290","1.34826","0.82","CR","EPN 6e  RE37 24 375 15,18636 0,02290 1,34826 0,82 CR"
"IQSobserved","EPN","PICE.MAR","6e","","RE39","15","242","15.37269","0.02046","1.23329","0.76","CR","EPN 6e  RE39 15 242 15,37269 0,02046 1,23329 0,76 CR"
"IQSobserved","EPN","PICE.MAR","6e","","RS22","19","344","23.84104","0.01988","1.21998","0.93","CR","EPN 6e  RS22 19 344 23,84104 0,01988 1,21998 0,93 CR"
"IQSobserved","EPN","PICE.MAR","6f","","RE21","25","386","20.49165","0.01738","1.29806","0.96","CR","EPN 6f  RE21 25 386 20,49165 0,01738 1,29806 0,96 CR"
"IQSobserved","EPN","PICE.MAR","6f","","RE22","32","498","17.18692","0.02090","1.26630","0.88","CR","EPN 6f  RE22 32 498 17,18692 0,02090 1,26630 0,88 CR"
"IQSobserved","EPN","PICE.MAR","6f","","RE25","23","317","15.20327","0.01817","1.16486","0.95","CR","EPN 6f  RE25 23 317 15,20327 0,01817 1,16486 0,95 CR"
"IQSobserved","EPN","PICE.MAR","6f","","RE39","22","286","13.11059","0.00858","1.12723","0.93","WE","EPN 6f  RE39 22 286 13,11059 0,00858 1,12723 0,93 WE"
"IQSobserved","EPN","PICE.MAR","6f","","RS22","25","419","25.21776","0.01310","1.13295","0.96","CR","EPN 6f  RS22 25 419 25,21776 0,01310 1,13295 0,96 CR"
"IQSobserved","EPN","PICE.MAR","6g","","RE11","29","370","28.85734","0.00742","1.11977","0.94","CR","EPN 6g  RE11 29 370 28,85734 0,00742 1,11977 0,94 CR"
"IQSobserved","EPN","PICE.MAR","6g","","RE12","25","298","13.91010","0.02336","1.29531","0.91","CR","EPN 6g  RE12 25 298 13,91010 0,02336 1,29531 0,91 CR"
"IQSobserved","EPN","PICE.MAR","6g","","RE21","24","342","22.66688","0.01401","1.21406","0.95","CR","EPN 6g  RE21 24 342 22,66688 0,01401 1,21406 0,95 CR"
"IQSobserved","EPN","PICE.MAR","6g","","RE22","34","460","13.67898","0.02566","1.23980","0.92","CR","EPN 6g  RE22 34 460 13,67898 0,02566 1,23980 0,92 CR EPN 6g  RS22"
"IQSobserved","EPN","PICE.MAR","6h","","RE21","25","370","17.54637","0.00947","1.14551","0.94","WE","EPN 6h  RE21 25 370 17,54637 0,00947 1,14551 0,94 WE"
"IQSobserved","EPN","PICE.MAR","6h","","RE22","28","398","14.99796","0.01172","1.15467","0.95","WE","EPN 6h  RE22 28 398 14,99796 0,01172 1,15467 0,95 WE"
"IQSobserved","EPN","PICE.MAR","6h","","RS20","24","365","14.07340","0.00436","1.45998","0.80","WE","EPN 6h  RS20 24 365 14,07340 0,00436 1,45998 0,80 WE"
"IQSobserved","EPN","PICE.MAR","6h","","RS22","26","427","16.71263","0.00767","1.21389","0.79","WE","EPN 6h  RS22 26 427 16,71263 0,00767 1,21389 0,79 WE"
"IQSobserved","EPN","PICE.MAR","6h","","RS22M","25","437","22.65147","0.00980","1.09798","0.78","WE","EPN 6h  RS22M 25 437 22,65147 0,00980 1,09798 0,78 WE"
"IQSobserved","EPN","PICE.MAR","6h","","RS25","24","405","22.00920","0.00577","1.19138","0.85","WE","EPN 6h  RS25 24 405 22,00920 0,00577 1,19138 0,85 WE"
"IQSobserved","EPN","PICE.MAR","6i","","RE21","27","428","18.98261","0.02040","1.27066","0.93","CR","EPN 6i  RE21 27 428 18,98261 0,02040 1,27066 0,93 CR"
"IQSobserved","EPN","PICE.MAR","6i","","RE22","30","467","18.84990","0.01698","1.16360","0.91","CR","EPN 6i  RE22 30 467 18,84990 0,01698 1,16360 0,91 CR"
"IQSobserved","EPN","PICE.MAR","6i","","RS20","25","421","25.20540","0.01363","1.33329","0.84","CR","EPN 6i  RS20 25 421 25,20540 0,01363 1,33329 0,84 CR"
"IQSobserved","EPN","PICE.MAR","6i","","RS22","23","353","30.38650","0.00829","1.19521","0.84","CR","EPN 6i  RS22 23 353 30,38650 0,00829 1,19521 0,84 CR"
"IQSobserved","EPN","PICE.MAR","6i","","RS22M","27","427","27.24661","0.01092","1.22493","0.85","CR","EPN 6i  RS22M 27 427 27,24661 0,01092 1,22493 0,85 CR"
"IQSobserved","EPN","PICE.MAR","6i","","RS25","25","463","43.80856","0.00741","1.26498","0.93","CR","EPN 6i  RS25 25 463 43,80856 0,00741 1,26498 0,93 CR"
"IQSobserved","EPN","PICE.MAR","6j","","RE20","27","359","18.53006","0.01328","1.15662","0.90","CR","EPN 6j  RE20 27 359 18,53006 0,01328 1,15662 0,90 CR"
"IQSobserved","EPN","PICE.MAR","6j","","RE21","25","341","16.01631","0.01612","1.17061","0.81","CR","EPN 6j  RE21 25 341 16,01631 0,01612 1,17061 0,81 CR"
"IQSobserved","EPN","PICE.MAR","6j","","RS20","32","503","24.59179","0.01203","1.20667","0.91","CR","EPN 6j  RS20 32 503 24,59179 0,01203 1,20667 0,91 CR"
"IQSobserved","EPN","PICE.MAR","6j","","RS22","26","424","18.87444","0.01736","1.16248","0.85","CR","EPN 6j  RS22 26 424 18,87444 0,01736 1,16248 0,85 CR"
"IQSobserved","EPN","PICE.MAR","6j","","RS22M","30","484","","0.00099","1.06127","0.97","CR","EPN 6j  RS22M 30 484 , 0,00099 1,06127 0,97 CR"
"IQSobserved","EPN","PICE.MAR","6j","","RS25","24","354","22.72923","0.01280","1.22801","0.88","CR","EPN 6j  RS25 24 354 22,72923 0,01280 1,22801 0,88 CR"
"IQSobserved","EPN","PICE.MAR","6k","","RE21","25","348","17.33022","0.01739","1.28283","0.93","CR","EPN 6k  RE21 25 348 17,33022 0,01739 1,28283 0,93 CR"
"IQSobserved","EPN","PICE.MAR","6k","","RE22","28","391","17.87046","0.01576","1.25945","0.94","CR","EPN 6k  RE22 28 391 17,87046 0,01576 1,25945 0,94 CR"
"IQSobserved","EPN","PICE.MAR","6k","","RE25","28","374","22.06739","0.00828","1.02988","0.93","CR","EPN 6k  RE25 28 374 22,06739 0,00828 1,02988 0,93 CR"
"IQSobserved","EPN","PICE.MAR","6k","","RS22","28","459","35.94443","0.00821","1.14085","0.96","CR","EPN 6k  RS22 28 459 35,94443 0,00821 1,14085 0,96 CR"
"IQSobserved","EPN","PICE.MAR","6l","","RE22","24","391","15.53287","0.01136","1.18691","0.88","WE","EPN 6l  RE22 24 391 15,53287 0,01136 1,18691 0,88 WE"
"IQSobserved","EPN","PICE.MAR","6l","","RE25","23","309","","0.00117","1.00740","0.96","WE","EPN 6l  RE25 23 309 , 0,00117 1,00740 0,96 WE"
"IQSobserved","EPN","PICE.MAR","6l","","RS22","23","433","22.30297","0.00714","1.13608","0.86","WE","EPN 6l  RS22 23 433 22,30297 0,00714 1,13608 0,86 WE"
"IQSobserved","EPN","PICE.MAR","6l","","RS22M","25","476","27.69968","0.00701","1.09470","0.91","WE","EPN 6l  RS22M 25 476 27,69968 0,00701 1,09470 0,91 WE"
"IQSobserved","EPN","PICE.MAR","6l","","RS25","23","312","18.54297","0.00711","1.10514","0.87","WE","EPN 6l  RS25 23 312 18,54297 0,00711 1,10514 0,87 WE"
"IQSobserved","EPN","PICE.MAR","6n","","RS22","16","233","18.26439","0.01428","1.55148","0.90","WE","EPN 6n  RS22 16 233 18,26439 0,01428 1,55148 0,90 WE"
"IQSobserved","EPR","PICE.RUB","2b","","RS54","15","274","21.92541","0.02416","1.42212","0.93","CR","EPR 2b  RS54 15 274 21,92541 0,02416 1,42212 0,93 CR"
"IQSobserved","EPR","PICE.RUB","3c","","RS52","25","432","22.78570","0.01624","1.13969","0.92","CR","EPR 3c  RS52 25 432 22,78570 0,01624 1,13969 0,92 CR PEG 3c  FE32"
"IQSobserved","EPR","PICE.RUB","4f","","RS52","30","508","21.65419","0.02698","1.19496","0.93","CR","EPR 4f  RS52 30 508 21,65419 0,02698 1,19496 0,93 CR"
"IQSobserved","PEG","POPU.GRA","2a","","FE22","25","626","41.49981","0.01797","1.03906","0.97","CR","PEG 2a  FE22 25 626 41,49981 0,01797 1,03906 0,97 CR"
"IQSobserved","PEG","POPU.GRA","2b","","FE22","27","470","25.32872","0.03446","1.10717","0.92","CR","PEG 2b  FE22 27 470 25,32872 0,03446 1,10717 0,92 CR"
"IQSobserved","PEG","POPU.GRA","3a","","MJ12","19","450","33.03177","0.02026","1.13201","0.97","CR","PEG 3a  MJ12 19 450 33,03177 0,02026 1,13201 0,97 CR"
"IQSobserved","PEG","POPU.GRA","3b","","FE22","25","602","35.40135","0.02096","1.14628","0.92","CR","PEG 3b  FE22 25 602 35,40135 0,02096 1,14628 0,92 CR"
"IQSobserved","PEG","POPU.GRA","3b","","FE32","25","600","27.07045","0.03045","1.24100","0.96","CR","PEG 3b  FE32 25 600 27,07045 0,03045 1,24100 0,96 CR"
"IQSobserved","PEG","POPU.GRA","4g","","MS63","27","543","24.36876","0.02734","1.10308","0.88","CR","PEG 4g  MS63 27 543 24,36876 0,02734 1,10308 0,88 CR"
"IQSobserved","PET","POPU.TRE","2a","","MJ11","18","374","36.97199","0.01588","1.09665","0.92","CR","PET 2a  MJ11 18 374 36,97199 0,01588 1,09665 0,92 CR"
"IQSobserved","PET","POPU.TRE","2a","","MJ12","29","606","31.35035","0.02709","1.11107","0.93","CR","PET 2a  MJ12 29 606 31,35035 0,02709 1,11107 0,93 CR"
"IQSobserved","PET","POPU.TRE","3a","","FE32","15","303","33.14901","0.02931","1.07131","0.97","CR","PET 3a  FE32 15 303 33,14901 0,02931 1,07131 0,97 CR"
"IQSobserved","PET","POPU.TRE","3a","","MJ22","26","551","25.20581","0.04077","1.29112","0.95","CR","PET 3a  MJ22 26 551 25,20581 0,04077 1,29112 0,95 CR"
"IQSobserved","PET","POPU.TRE","3d","","MJ12","14","260","25.04778","0.02875","1.13534","0.95","CR","PET 3d  MJ12 14 260 25,04778 0,02875 1,13534 0,95 CR"
"IQSobserved","PET","POPU.TRE","3d","","MJ22","20","354","22.95580","0.03044","1.03516","0.95","CR","PET 3d  MJ22 20 354 22,95580 0,03044 1,03516 0,95 CR PET 3d  MJ25"
"IQSobserved","PET","POPU.TRE","4c","","MJ22","25","564","25.72265","0.02313","1.00729","0.97","CR","PET 4c  MJ22 25 564 25,72265 0,02313 1,00729 0,97 CR"
"IQSobserved","PET","POPU.TRE","4c","","MS22","25","570","26.69365","0.02444","1.09179","0.94","CR","PET 4c  MS22 25 570 26,69365 0,02444 1,09179 0,94 CR"
"IQSobserved","PET","POPU.TRE","4e","","MS21","21","402","30.18030","0.01329","1.09909","0.97","WE","PET 4e  MS21 21 402 30,18030 0,01329 1,09909 0,97 WE"
"IQSobserved","PET","POPU.TRE","4f","","MS12","25","505","29.52343","0.02333","1.10377","0.89","CR","PET 4f  MS12 25 505 29,52343 0,02333 1,10377 0,89 CR PET 4f  MS22"
"IQSobserved","PET","POPU.TRE","4h","","MS23","25","458","20.88639","0.05080","1.34909","0.81","CR","PET 4h  MS23 25 458 20,88639 0,05080 1,34909 0,81 CR"
"IQSobserved","PET","POPU.TRE","5a","","ME13","25","596","29.62395","0.02108","1.29341","0.93","CR","PET 5a  ME13 25 596 29,62395 0,02108 1,29341 0,93 CR"
"IQSobserved","PET","POPU.TRE","5a","","MS23","29","623","31.61588","0.02011","1.09331","0.93","CR","PET 5a  MS23 29 623 31,61588 0,02011 1,09331 0,93 CR"
"IQSobserved","PET","POPU.TRE","5a","","MS26","25","583","29.70608","0.02466","1.22225","0.93","CR","PET 5a  MS26 25 583 29,70608 0,02466 1,22225 0,93 CR"
"IQSobserved","PET","POPU.TRE","5b","","MS22","25","511","30.05987","0.02070","1.04075","0.96","CR","PET 5b  MS22 25 511 30,05987 0,02070 1,04075 0,96 CR"
"IQSobserved","PET","POPU.TRE","5c","","MS12","25","503","24.06732","0.02949","1.17759","0.94","CR","PET 5c  MS12 25 503 24,06732 0,02949 1,17759 0,94 CR"
"IQSobserved","PET","POPU.TRE","5c","","MS22","36","768","28.45142","0.02208","1.06700","0.91","CR","PET 5c  MS22 36 768 28,45142 0,02208 1,06700 0,91 CR"
"IQSobserved","PET","POPU.TRE","5d","","MS12","25","494","22.22068","0.03206","1.11721","0.89","WE","PET 5d  MS12 25 494 22,22068 0,03206 1,11721 0,89 WE"
"IQSobserved","PET","POPU.TRE","5d","","MS22","30","626","26.35426","0.02727","1.17705","0.93","WE","PET 5d  MS22 30 626 26,35426 0,02727 1,17705 0,93 WE"
"IQSobserved","PET","POPU.TRE","5d","","RS22","25","502","22.89840","0.02871","1.26007","0.89","WE","PET 5d  RS22 25 502 22,89840 0,02871 1,26007 0,89 WE"
"IQSobserved","PET","POPU.TRE","5g","","MS22","25","557","29.13421","0.02725","1.21479","0.92","CR","PET 5g  MS22 25 557 29,13421 0,02725 1,21479 0,92 CR"
"IQSobserved","PET","POPU.TRE","5h","","MS23","29","607","25.14314","0.02782","1.12774","0.92","CR","PET 5h  MS23 29 607 25,14314 0,02782 1,12774 0,92 CR"
"IQSobserved","PET","POPU.TRE","5i","","RS23","25","492","21.98096","0.03349","1.25291","0.93","CR","PET 5i  RS23 25 492 21,98096 0,03349 1,25291 0,93 CR"
"IQSobserved","PET","POPU.TRE","6a","","ME13","28","597","36.46764","0.01010","1.00334","0.90","CR","PET 6a  ME13 28 597 36,46764 0,01010 1,00334 0,90 CR"
"IQSobserved","PET","POPU.TRE","6a","","ME16","21","458","23.77160","0.02441","1.15918","0.97","CR","PET 6a  ME16 21 458 23,77160 0,02441 1,15918 0,97 CR"
"IQSobserved","PET","POPU.TRE","6e","","MS22","25","584","28.82470","0.01922","1.03406","0.98","CR","PET 6e  MS22 25 584 28,82470 0,01922 1,03406 0,98 CR"
"IQSobserved","PET","POPU.TRE","6e","","RS22","23","475","21.96851","0.02804","1.15889","0.94","CR","PET 6e  RS22 23 475 21,96851 0,02804 1,15889 0,94 CR"
"IQSobserved","PIB","PINU.STR","3a","","RP12","18","533","","0.00468","1.03746","0.98","CR","PIB 3a  RP12 18 533 , 0,00468 1,03746 0,98 CR"
"IQSobserved","PIB","PINU.STR","3b","","RP11","25","588","0.25712","","","0.92","LIN","PIB 3b  RP11 25 588 0,25712 . . 0,92 LIN(4)"
"IQSobserved","PIG","PINU.BAN","4b","","RE21","30","578","20.54424","0.03272","1.16344","0.93","CR","PIG 4b  RE21 30 578 20,54424 0,03272 1,16344 0,93 CR"
"IQSobserved","PIG","PINU.BAN","4c","","RE21","30","629","21.80753","0.02929","1.12659","0.94","CR","PIG 4c  RE21 30 629 21,80753 0,02929 1,12659 0,94 CR"
"IQSobserved","PIG","PINU.BAN","4c","","RE22","25","516","21.25945","0.02816","1.17461","0.96","CR","PIG 4c  RE22 25 516 21,25945 0,02816 1,17461 0,96 CR"
"IQSobserved","PIG","PINU.BAN","4e","","RE21","30","555","19.08777","0.03479","1.15812","0.94","CR","PIG 4e  RE21 30 555 19,08777 0,03479 1,15812 0,94 CR"
"IQSobserved","PIG","PINU.BAN","5b","","RE21","56","1039","20.30379","0.02779","1.16538","0.92","CR","PIG 5b  RE21 56 1039 20,30379 0,02779 1,16538 0,92 CR"
"IQSobserved","PIG","PINU.BAN","5b","","RE22","40","750","21.30106","0.02646","1.18187","0.94","CR","PIG 5b  RE22 40 750 21,30106 0,02646 1,18187 0,94 CR"
"IQSobserved","PIG","PINU.BAN","5b","","RE25","15","256","18.03199","0.02973","1.20945","0.92","CR","PIG 5b  RE25 15 256 18,03199 0,02973 1,20945 0,92 CR"
"IQSobserved","PIG","PINU.BAN","5b","","RS22","19","382","21.76008","0.02925","1.23473","0.96","CR","PIG 5b  RS22 19 382 21,76008 0,02925 1,23473 0,96 CR"
"IQSobserved","PIG","PINU.BAN","5c","","RE20","28","483","21.02806","0.01884","1.15144","0.90","CR","PIG 5c  RE20 28 483 21,02806 0,01884 1,15144 0,90 CR"
"IQSobserved","PIG","PINU.BAN","5c","","RE21","29","560","19.70400","0.03057","1.24634","0.95","CR","PIG 5c  RE21 29 560 19,70400 0,03057 1,24634 0,95 CR"
"IQSobserved","PIG","PINU.BAN","5c","","RE22","38","742","20.42500","0.02534","1.11807","0.88","CR","PIG 5c  RE22 38 742 20,42500 0,02534 1,11807 0,88 CR"
"IQSobserved","PIG","PINU.BAN","5c","","RS22","22","494","24.64722","0.01778","1.09324","0.97","CR","PIG 5c  RS22 22 494 24,64722 0,01778 1,09324 0,97 CR"
"IQSobserved","PIG","PINU.BAN","5d","","RE20","29","536","21.22816","0.02366","1.11514","0.90","CR","PIG 5d  RE20 29 536 21,22816 0,02366 1,11514 0,90 CR"
"IQSobserved","PIG","PINU.BAN","5d","","RE21","25","508","24.68006","0.02086","1.12215","0.93","CR","PIG 5d  RE21 25 508 24,68006 0,02086 1,12215 0,93 CR"
"IQSobserved","PIG","PINU.BAN","5d","","RE22","24","428","19.58179","0.02227","1.05556","0.91","CR","PIG 5d  RE22 24 428 19,58179 0,02227 1,05556 0,91 CR"
"IQSobserved","PIG","PINU.BAN","5g","","RE21","36","632","16.45081","0.03292","1.19364","0.79","CR","PIG 5g  RE21 36 632 16,45081 0,03292 1,19364 0,79 CR"
"IQSobserved","PIG","PINU.BAN","6a","","RE21","28","509","19.82439","0.02734","1.14445","0.96","CR","PIG 6a  RE21 28 509 19,82439 0,02734 1,14445 0,96 CR"
"IQSobserved","PIG","PINU.BAN","6a","","RE22","25","417","17.45307","0.02526","1.10546","0.94","CR","PIG 6a  RE22 25 417 17,45307 0,02526 1,10546 0,94 CR"
"IQSobserved","PIG","PINU.BAN","6c","","RE21","31","536","19.14002","0.02392","1.21054","0.91","CR","PIG 6c  RE21 31 536 19,14002 0,02392 1,21054 0,91 CR"
"IQSobserved","PIG","PINU.BAN","6c","","RE22","19","357","22.07689","0.02277","1.22841","0.92","CR","PIG 6c  RE22 19 357 22,07689 0,02277 1,22841 0,92 CR"
"IQSobserved","PIG","PINU.BAN","6c","","RE24","25","455","21.29960","0.02079","1.19734","0.94","CR","PIG 6c  RE24 25 455 21,29960 0,02079 1,19734 0,94 CR"
"IQSobserved","PIG","PINU.BAN","6d","","RE11","25","383","16.60010","0.02141","1.16399","0.94","CR","PIG 6d  RE11 25 383 16,60010 0,02141 1,16399 0,94 CR"
"IQSobserved","PIG","PINU.BAN","6d","","RE12","25","407","17.13828","0.01979","1.09254","0.93","CR","PIG 6d  RE12 25 407 17,13828 0,01979 1,09254 0,93 CR"
"IQSobserved","PIG","PINU.BAN","6d","","RE21","25","400","15.69472","0.02801","1.11521","0.96","CR","PIG 6d  RE21 25 400 15,69472 0,02801 1,11521 0,96 CR"
"IQSobserved","PIG","PINU.BAN","6d","","RE22","25","411","16.88244","0.02467","1.10227","0.95","CR","PIG 6d  RE22 25 411 16,88244 0,02467 1,10227 0,95 CR"
"IQSobserved","PIG","PINU.BAN","6e","","RE21","34","575","17.90578","0.02600","1.17549","0.91","CR","PIG 6e  RE21 34 575 17,90578 0,02600 1,17549 0,91 CR"
"IQSobserved","PIG","PINU.BAN","6e","","RE22","34","618","19.35132","0.02456","1.14880","0.95","CR","PIG 6e  RE22 34 618 19,35132 0,02456 1,14880 0,95 CR"
"IQSobserved","PIG","PINU.BAN","6f","","RE21","24","378","18.66098","0.01768","1.10707","0.97","CR","PIG 6f  RE21 24 378 18,66098 0,01768 1,10707 0,97 CR"
"IQSobserved","PIG","PINU.BAN","6g","","RE11","30","415","18.79441","0.00860","1.09974","0.96","WE","PIG 6g  RE11 30 415 18,79441 0,00860 1,09974 0,96 WE"
"IQSobserved","PIG","PINU.BAN","6g","","RE12","25","323","15.92425","0.00832","1.17605","0.93","WE","PIG 6g  RE12 25 323 15,92425 0,00832 1,17605 0,93 WE"
"IQSobserved","PIG","PINU.BAN","6g","","RE21","25","383","18.01781","0.00858","1.17559","0.95","WE","PIG 6g  RE21 25 383 18,01781 0,00858 1,17559 0,95 WE"
"IQSobserved","PIG","PINU.BAN","6g","","RE22","30","394","12.50698","0.00987","1.25623","0.96","WE","PIG 6g  RE22 30 394 12,50698 0,00987 1,25623 0,96 WE"
"IQSobserved","PIG","PINU.BAN","6h","","RE21","25","394","17.02500","0.02340","1.17627","0.95","CR","PIG 6h  RE21 25 394 17,02500 0,02340 1,17627 0,95 CR"
"IQSobserved","PIG","PINU.BAN","6i","","RE21","25","419","16.28183","0.03086","1.20561","0.95","CR","PIG 6i  RE21 25 419 16,28183 0,03086 1,20561 0,95 CR"
"IQSobserved","PIG","PINU.BAN","6k","","RE21","24","349","13.83623","0.02262","1.09379","0.88","CR","PIG 6k  RE21 24 349 13,83623 0,02262 1,09379 0,88 CR"
"IQSobserved","PIG","PINU.BAN","6k","","RE22","28","388","13.79366","0.02442","1.20737","0.96","CR","PIG 6k  RE22 28 388 13,79366 0,02442 1,20737 0,96 CR"
"IQSobserved","SAB","ABIE.BAL","2a","","MJ11","22","453","34.30504","0.01299","1.15639","0.80","CR","SAB 2a  MJ11 22 453 34,30504 0,01299 1,15639 0,80 CR"
"IQSobserved","SAB","ABIE.BAL","2b","","MJ24","26","478","22.61387","0.02478","1.35057","0.86","CR","SAB 2b  MJ24 26 478 22,61387 0,02478 1,35057 0,86 CR"
"IQSobserved","SAB","ABIE.BAL","2b","","MJ25","28","539","27.24437","0.01682","1.27592","0.80","CR","SAB 2b  MJ25 28 539 27,24437 0,01682 1,27592 0,80 CR"
"IQSobserved","SAB","ABIE.BAL","2b","","RS54","20","369","23.31442","0.02126","1.31692","0.83","CR","SAB 2b  RS54 20 369 23,31442 0,02126 1,31692 0,83 CR"
"IQSobserved","SAB","ABIE.BAL","2c","","MJ12","25","522","29.42102","0.02138","1.24741","0.89","CR","SAB 2c  MJ12 25 522 29,42102 0,02138 1,24741 0,89 CR"
"IQSobserved","SAB","ABIE.BAL","2c","","MJ22","20","418","29.43715","0.01981","1.25091","0.90","CR","SAB 2c  MJ22 20 418 29,43715 0,01981 1,25091 0,90 CR"
"IQSobserved","SAB","ABIE.BAL","3a","","MJ12","21","391","27.54304","0.01808","1.42590","0.85","CR","SAB 3a  MJ12 21 391 27,54304 0,01808 1,42590 0,85 CR"
"IQSobserved","SAB","ABIE.BAL","3a","","MJ21","23","416","25.48955","0.02093","1.21610","0.82","CR","SAB 3a  MJ21 23 416 25,48955 0,02093 1,21610 0,82 CR"
"IQSobserved","SAB","ABIE.BAL","3a","","MJ22","29","582","32.93449","0.01357","1.22157","0.84","CR","SAB 3a  MJ22 29 582 32,93449 0,01357 1,22157 0,84 CR"
"IQSobserved","SAB","ABIE.BAL","3b","","MJ12","28","543","33.11889","0.00327","1.25829","0.76","WE","SAB 3b  MJ12 28 543 33,11889 0,00327 1,25829 0,76 WE(5)"
"IQSobserved","SAB","ABIE.BAL","3b","","MJ21","29","538","23.37065","0.00736","1.23306","0.77","WE","SAB 3b  MJ21 29 538 23,37065 0,00736 1,23306 0,77 WE"
"IQSobserved","SAB","ABIE.BAL","3b","","MJ22","28","572","23.11312","0.00796","1.30195","0.90","WE","SAB 3b  MJ22 28 572 23,11312 0,00796 1,30195 0,90 WE"
"IQSobserved","SAB","ABIE.BAL","3b","","RP11","16","264","18.69086","0.00980","1.22823","0.85","WE","SAB 3b  RP11 16 264 18,69086 0,00980 1,22823 0,85 WE"
"IQSobserved","SAB","ABIE.BAL","3b","","RS10","22","356","48.04373","0.00436","1.01731","0.84","WE","SAB 3b  RS10 22 356 48,04373 0,00436 1,01731 0,84 WE"
"IQSobserved","SAB","ABIE.BAL","3b","","RS12","27","456","14.34493","0.00647","1.42261","0.68","WE","SAB 3b  RS12 27 456 14,34493 0,00647 1,42261 0,68 WE"
"IQSobserved","SAB","ABIE.BAL","3c","","MJ12","27","534","25.24544","0.01999","1.29117","0.81","CR","SAB 3c  MJ12 27 534 25,24544 0,01999 1,29117 0,81 CR"
"IQSobserved","SAB","ABIE.BAL","3c","","MJ22","38","690","33.73820","0.01044","1.11026","0.81","CR","SAB 3c  MJ22 38 690 33,73820 0,01044 1,11026 0,81 CR"
"IQSobserved","SAB","ABIE.BAL","3c","","MJ25","26","470","","0.00059","1.02734","0.87","CR","SAB 3c  MJ25 26 470 . 0,00059 1,02734 0,87 CR"
"IQSobserved","SAB","ABIE.BAL","3c","","RS52","28","458","26.68359","0.01254","1.05146","0.87","CR","SAB 3c  RS52 28 458 26,68359 0,01254 1,05146 0,87 CR"
"IQSobserved","SAB","ABIE.BAL","3d","","MJ12","32","611","28.09260","0.01582","1.23750","0.81","CR","SAB 3d  MJ12 32 611 28,09260 0,01582 1,23750 0,81 CR"
"IQSobserved","SAB","ABIE.BAL","3d","","MJ15","19","361","21.75642","0.02305","1.24058","0.76","CR","SAB 3d  MJ15 19 361 21,75642 0,02305 1,24058 0,76 CR SAB 3d  MJ16"
"IQSobserved","SAB","ABIE.BAL","3d","","MJ22","30","486","22.27912","0.02176","1.24098","0.84","CR","SAB 3d  MJ22 30 486 22,27912 0,02176 1,24098 0,84 CR"
"IQSobserved","SAB","ABIE.BAL","3d","","MJ25","29","551","16.69809","0.01412","1.22051","0.73","WE","SAB 3d  MJ25 29 551 16,69809 0,01412 1,22051 0,73 WE SAB 3d  RS55"
"IQSobserved","SAB","ABIE.BAL","4a","","MJ22","24","429","21.52533","0.02097","1.27715","0.75","CR","SAB 4a  MJ22 24 429 21,52533 0,02097 1,27715 0,75 CR"
"IQSobserved","SAB","ABIE.BAL","4a","","MS26","25","454","25.96289","0.02042","1.21871","0.87","CR","SAB 4a  MS26 25 454 25,96289 0,02042 1,21871 0,87 CR"
"IQSobserved","SAB","ABIE.BAL","4b","","RS12","22","333","","0.00007","0.99269","0.86","CR","SAB 4b  RS12 22 333 . 0,00007 0,99269 0,86 CR"
"IQSobserved","SAB","ABIE.BAL","4b","","RS21","29","431","13.35216","0.03715","1.32688","0.72","CR","SAB 4b  RS21 29 431 13,35216 0,03715 1,32688 0,72 CR SAB 4a  RS22"
"IQSobserved","SAB","ABIE.BAL","4c","","MJ22","33","555","18.72032","0.02679","1.25621","0.76","CR","SAB 4c  MJ22 33 555 18,72032 0,02679 1,25621 0,76 CR"
"IQSobserved","SAB","ABIE.BAL","4c","","MJ25","19","350","","0.00001","1.11056","0.88","CR","SAB 4c  MJ25 19 350 . 0,00001 1,11056 0,88 CR"
"IQSobserved","SAB","ABIE.BAL","4c","","MS22","40","655","18.10257","0.02830","1.20067","0.80","CR","SAB 4c  MS22 40 655 18,10257 0,02830 1,20067 0,80 CR"
"IQSobserved","SAB","ABIE.BAL","4c","","MS25","25","412","25.01179","0.00988","1.06748","0.80","WE","SAB 4c  MS25 25 412 25,01179 0,00988 1,06748 0,80 WE"
"IQSobserved","SAB","ABIE.BAL","4c","","RS22","18","302","20.04843","0.01023","1.18791","0.89","WE","SAB 4c  RS22 18 302 20,04843 0,01023 1,18791 0,89 WE"
"IQSobserved","SAB","ABIE.BAL","4d","","MS12","32","535","16.14879","0.03118","1.26077","0.67","CR","SAB 4d  MS12 32 535 16,14879 0,03118 1,26077 0,67 CR"
"IQSobserved","SAB","ABIE.BAL","4d","","MS22","31","465","14.33792","0.03989","1.25479","0.79","CR","SAB 4d  MS22 31 465 14,33792 0,03989 1,25479 0,79 CR"
"IQSobserved","SAB","ABIE.BAL","4f","","MS12","85","1401","23.30004","0.02428","1.31365","0.84","CR","SAB 4f  MS12 85 1401 23,30004 0,02428 1,31365 0,84 CR"
"IQSobserved","SAB","ABIE.BAL","4f","","MS15","43","758","19.30040","0.03377","1.43507","0.81","CR","SAB 4f  MS15 43 758 19,30040 0,03377 1,43507 0,81 CR"
"IQSobserved","SAB","ABIE.BAL","4f","","MS22","28","480","32.54422","0.01331","1.20443","0.91","CR","SAB 4f  MS22 28 480 32,54422 0,01331 1,20443 0,91 CR"
"IQSobserved","SAB","ABIE.BAL","4f","","RS12","27","431","22.52829","0.01621","1.13426","0.89","CR","SAB 4f  RS12 27 431 22,52829 0,01621 1,13426 0,89 CR"
"IQSobserved","SAB","ABIE.BAL","4f","","RS15","18","308","39.41907","0.00879","1.13529","0.89","CR","SAB 4f  RS15 18 308 39,41907 0,00879 1,13529 0,89 CR"
"IQSobserved","SAB","ABIE.BAL","4f","","RS52","26","431","21.45405","0.02155","1.24015","0.82","CR","SAB 4f  RS52 26 431 21,45405 0,02155 1,24015 0,82 CR"
"IQSobserved","SAB","ABIE.BAL","4f","","RS55","17","281","21.63316","0.02141","1.24883","0.86","CR","SAB 4f  RS55 17 281 21,63316 0,02141 1,24883 0,86 CR"
"IQSobserved","SAB","ABIE.BAL","4g","","MS13","24","438","22.86242","0.02192","1.30604","0.87","CR","SAB 4g  MS13 24 438 22,86242 0,02192 1,30604 0,87 CR SAB 4g  MS23"
"IQSobserved","SAB","ABIE.BAL","4g","","RS16","27","474","21.72642","0.01992","1.26251","0.85","CR","SAB 4g  RS16 27 474 21,72642 0,01992 1,26251 0,85 CR"
"IQSobserved","SAB","ABIE.BAL","4h","","MS13","27","465","19.85313","0.02202","1.19496","0.78","CR","SAB 4h  MS13 27 465 19,85313 0,02202 1,19496 0,78 CR"
"IQSobserved","SAB","ABIE.BAL","4h","","MS23","18","306","17.99169","0.02071","1.23987","0.76","CR","SAB 4h  MS23 18 306 17,99169 0,02071 1,23987 0,76 CR"
"IQSobserved","SAB","ABIE.BAL","4h","","MS26","22","348","31.31505","0.00758","1.14303","0.78","CR","SAB 4h  MS26 22 348 31,31505 0,00758 1,14303 0,78 CR"
"IQSobserved","SAB","ABIE.BAL","5a","","MS23","31","579","28.15887","0.01852","1.24273","0.86","CR","SAB 5a  MS23 31 579 28,15887 0,01852 1,24273 0,86 CR"
"IQSobserved","SAB","ABIE.BAL","5a","","MS26","25","470","23.70732","0.02537","1.38354","0.89","CR","SAB 5a  MS26 25 470 23,70732 0,02537 1,38354 0,89 CR"
"IQSobserved","SAB","ABIE.BAL","5b","","MS22","48","820","17.59461","0.03082","1.25265","0.76","CR","SAB 5b  MS22 48 820 17,59461 0,03082 1,25265 0,76 CR"
"IQSobserved","SAB","ABIE.BAL","5b","","RS22","29","429","13.69960","0.03635","1.45038","0.67","CR","SAB 5b  RS22 29 429 13,69960 0,03635 1,45038 0,67 CR"
"IQSobserved","SAB","ABIE.BAL","5c","","MS22","29","468","24.01851","0.00766","1.18983","0.91","WE","SAB 5c  MS22 29 468 24,01851 0,00766 1,18983 0,91 WE"
"IQSobserved","SAB","ABIE.BAL","5c","","RS22","26","376","45.85654","0.00573","0.94756","0.86","WE","SAB 5c  RS22 26 376 45,85654 0,00573 0,94756 0,86 WE"
"IQSobserved","SAB","ABIE.BAL","5d","","MS12","35","592","16.24910","0.01316","1.16588","0.72","WE","SAB 5d  MS12 35 592 16,24910 0,01316 1,16588 0,72 WE"
"IQSobserved","SAB","ABIE.BAL","5d","","MS22","36","636","15.98053","0.01428","1.20731","0.74","WE","SAB 5d  MS22 36 636 15,98053 0,01428 1,20731 0,74 WE"
"IQSobserved","SAB","ABIE.BAL","5d","","RS22","29","500","18.10042","0.00975","1.22343","0.86","WE","SAB 5d  RS22 29 500 18,10042 0,00975 1,22343 0,86 WE"
"IQSobserved","SAB","ABIE.BAL","5e","","MS20","28","401","28.38627","0.00996","1.12888","0.89","CR","SAB 5e  MS20 28 401 28,38627 0,00996 1,12888 0,89 CR"
"IQSobserved","SAB","ABIE.BAL","5e","5eS","MS22","19","288","26.61287","0.00915","1.04682","0.89","CR","SAB 5e 5eS MS22 19 288 26,61287 0,00915 1,04682 0,89 CR"
"IQSobserved","SAB","ABIE.BAL","5e","5eT","MS12","24","393","16.27351","0.04032","1.32866","0.78","CR","SAB 5e 5eT MS12 24 393 16,27351 0,04032 1,32866 0,78 CR"
"IQSobserved","SAB","ABIE.BAL","5e","5eT","MS22","80","1196","21.44061","0.01537","1.10223","0.84","CR","SAB 5e 5eT MS22 80 1196 21,44061 0,01537 1,10223 0,84 CR"
"IQSobserved","SAB","ABIE.BAL","5f","","RS22M","15","230","18.91399","0.01978","1.06179","0.88","CR","SAB 5f  RS22M 15 230 18,91399 0,01978 1,06179 0,88 CR SAB 5e  RS25"
"IQSobserved","SAB","ABIE.BAL","5f","5fS","MS12","13","213","13.55501","0.05208","1.53363","0.73","CR","SAB 5f 5fS MS12 13 213 13,55501 0,05208 1,53363 0,73 CR"
"IQSobserved","SAB","ABIE.BAL","5f","5fS","MS22","35","518","28.21441","0.00987","1.15962","0.87","CR","SAB 5f 5fS MS22 35 518 28,21441 0,00987 1,15962 0,87 CR"
"IQSobserved","SAB","ABIE.BAL","5g","","MS22","40","658","19.99558","0.02111","1.23080","0.77","CR","SAB 5g  MS22 40 658 19,99558 0,02111 1,23080 0,77 CR"
"IQSobserved","SAB","ABIE.BAL","5g","","RS20","19","265","15.30201","0.02415","1.18066","0.82","CR","SAB 5g  RS20 19 265 15,30201 0,02415 1,18066 0,82 CR"
"IQSobserved","SAB","ABIE.BAL","5g","","RS21","15","190","","0.00026","0.95840","0.89","CR","SAB 5g  RS21 15 190 , 0,00026 0,95840 0,89 CR"
"IQSobserved","SAB","ABIE.BAL","5g","","RS22","37","590","27.77778","0.01106","1.22273","0.89","CR","SAB 5g  RS22 37 590 27,77778 0,01106 1,22273 0,89 CR"
"IQSobserved","SAB","ABIE.BAL","5h","","MS13","35","586","19.99548","0.02563","1.19235","0.82","CR","SAB 5h  MS13 35 586 19,99548 0,02563 1,19235 0,82 CR"
"IQSobserved","SAB","ABIE.BAL","5h","","MS23","39","617","22.72292","0.01785","1.18492","0.89","CR","SAB 5h  MS23 39 617 22,72292 0,01785 1,18492 0,89 CR"
"IQSobserved","SAB","ABIE.BAL","5h","","MS26","22","366","24.92970","0.01337","1.13879","0.79","CR","SAB 5h  MS26 22 366 24,92970 0,01337 1,13879 0,79 CR"
"IQSobserved","SAB","ABIE.BAL","5h","","RS13","22","390","23.94794","0.01638","1.45555","0.81","CR","SAB 5h  RS13 22 390 23,94794 0,01638 1,45555 0,81 CR"
"IQSobserved","SAB","ABIE.BAL","5h","","RS23","20","294","18.80776","0.01761","1.21144","0.78","CR","SAB 5h  RS23 20 294 18,80776 0,01761 1,21144 0,78 CR"
"IQSobserved","SAB","ABIE.BAL","5i","","MS23","29","415","20.39769","0.01745","1.13054","0.86","CR","SAB 5i  MS23 29 415 20,39769 0,01745 1,13054 0,86 CR"
"IQSobserved","SAB","ABIE.BAL","5i","","MS26","26","385","21.79050","0.01491","1.09819","0.83","CR","SAB 5i  MS26 26 385 21,79050 0,01491 1,09819 0,83 CR"
"IQSobserved","SAB","ABIE.BAL","5i","","MS43","23","270","13.53193","0.01693","1.26575","0.85","CR","SAB 5i  MS43 23 270 13,53193 0,01693 1,26575 0,85 CR"
"IQSobserved","SAB","ABIE.BAL","5i","","RS23","15","233","36.44427","0.00696","1.11510","0.91","CR","SAB 5i  RS23 15 233 36,44427 0,00696 1,11510 0,91 CR"
"IQSobserved","SAB","ABIE.BAL","5j","","RB52","24","358","14.44158","0.00458","1.30652","0.72","WE","SAB 5j  RB52 24 358 14,44158 0,00458 1,30652 0,72 WE"
"IQSobserved","SAB","ABIE.BAL","5j","","RS23","23","300","15.19962","0.00925","1.10502","0.86","WE","SAB 5j  RS23 23 300 15,19962 0,00925 1,10502 0,86 WE"
"IQSobserved","SAB","ABIE.BAL","6a","","RS22","15","245","18.93373","0.02675","1.28202","0.85","CR","SAB 6a  RS22 15 245 18,93373 0,02675 1,28202 0,85 CR"
"IQSobserved","SAB","ABIE.BAL","6c","","RS22","17","253","30.91101","0.00777","1.05774","0.90","WE","SAB 6c  RS22 17 253 30,91101 0,00777 1,05774 0,90 WE"
"IQSobserved","SAB","ABIE.BAL","6e","","MS22","26","494","24.73588","0.00612","1.15556","0.83","WE","SAB 6e  MS22 26 494 24,73588 0,00612 1,15556 0,83 WE"
"IQSobserved","SAB","ABIE.BAL","6e","","RS22","28","526","21.72625","0.00897","1.19767","0.91","WE","SAB 6e  RS22 28 526 21,72625 0,00897 1,19767 0,91 WE"
"IQSobserved","SAB","ABIE.BAL","6f","","RS22","21","359","29.61600","0.01063","1.11505","0.93","CR","SAB 6f  RS22 21 359 29,61600 0,01063 1,11505 0,93 CR"
"IQSobserved","SAB","ABIE.BAL","6h","","MS22","23","365","44.81313","0.00187","1.20261","0.92","WE","SAB 6h  MS22 23 365 44,81313 0,00187 1,20261 0,92 WE"
"IQSobserved","SAB","ABIE.BAL","6h","","RS20","25","365","18.59205","0.00754","1.13012","0.88","WE","SAB 6h  RS20 25 365 18,59205 0,00754 1,13012 0,88 WE"
"IQSobserved","SAB","ABIE.BAL","6h","","RS22","24","361","15.74576","0.01207","1.11755","0.77","WE","SAB 6h  RS22 24 361 15,74576 0,01207 1,11755 0,77 WE"
"IQSobserved","SAB","ABIE.BAL","6h","","RS22M","25","416","24.42226","0.00913","1.10837","0.88","WE","SAB 6h  RS22M 25 416 24,42226 0,00913 1,10837 0,88 WE"
"IQSobserved","SAB","ABIE.BAL","6h","","RS25","29","496","32.52564","0.00441","1.09552","0.85","WE","SAB 6h  RS25 29 496 32,52564 0,00441 1,09552 0,85 WE"
"IQSobserved","SAB","ABIE.BAL","6i","","MS22","21","341","22.32852","0.01496","1.09098","0.84","CR","SAB 6i  MS22 21 341 22,32852 0,01496 1,09098 0,84 CR"
"IQSobserved","SAB","ABIE.BAL","6i","","RS20","16","264","18.89492","0.01718","1.26680","0.70","CR","SAB 6i  RS20 16 264 18,89492 0,01718 1,26680 0,70 CR"
"IQSobserved","SAB","ABIE.BAL","6i","","RS22M","17","267","","0.00008","1.11012","0.89","CR","SAB 6i  RS22M 17 267 , 0,00008 1,11012 0,89 CR"
"IQSobserved","SAB","ABIE.BAL","6i","","RS25","11","175","","0.00105","1.00045","0.85","CR","SAB 6i  RS25 11 175 , 0,00105 1,00045 0,85 CR"
"IQSobserved","SAB","ABIE.BAL","6j","","MS22","29","505","46.10950","0.00286","1.10843","0.86","WE","SAB 6j  MS22 29 505 46,10950 0,00286 1,10843 0,86 WE"
"IQSobserved","SAB","ABIE.BAL","6j","","RS20","28","423","30.87936","0.00469","1.08285","0.87","WE","SAB 6j  RS20 28 423 30,87936 0,00469 1,08285 0,87 WE"
"IQSobserved","SAB","ABIE.BAL","6j","","RS22","26","425","28.46520","0.00803","1.00549","0.90","WE","SAB 6j  RS22 26 425 28,46520 0,00803 1,00549 0,90 WE"
"IQSobserved","SAB","ABIE.BAL","6j","","RS22M","21","341","17.43590","0.00942","1.15511","0.81","WE","SAB 6j  RS22M 21 341 17,43590 0,00942 1,15511 0,81 WE"
"IQSobserved","SAB","ABIE.BAL","6k","","RS22","22","346","34.88636","0.00694","1.07616","0.88","CR","SAB 6k  RS22 22 346 34,88636 0,00694 1,07616 0,88 CR"
"IQSobserved","SAB","ABIE.BAL","6l","","RS22","24","445","21.66843","0.00599","1.18696","0.96","WE","SAB 6l  RS22 24 445 21,66843 0,00599 1,18696 0,96 WE"
"IQSobserved","SAB","ABIE.BAL","6l","","RS22M","24","475","25.00200","0.00727","1.13349","0.94","WE","SAB 6l  RS22M 24 475 25,00200 0,00727 1,13349 0,94 WE"
"IQSobserved","SAB","ABIE.BAL","6l","","RS25","23","363","46.57865","0.00423","0.99464","0.91","WE","SAB 6l  RS25 23 363 46,57865 0,00423 0,99464 0,91 WE"
"IQSobserved","SAB","ABIE.BAL","6n","","MS22","20","343","22.12630","0.00313","1.22252","0.80","WE","SAB 6n  MS22 20 343 22,12630 0,00313 1,22252 0,80 WE"
"IQSobserved","SAB","ABIE.BAL","6n","","RS22","14","188","19.81629","0.00101","1.40650","0.88","WE","SAB 6n  RS22 14 188 19,81629 0,00101 1,40650 0,88 WE (1) Coefficients de régression."
"IQSobserved","THO","THUJ.OCC","3b","","RS10","9","116","0.13459","","","0.63","LIN","THO 3b  RS10 9 116 0,13459 . . 0,63 LIN"
"IQSobserved","THO","THUJ.OCC","4f","","RS12","19","281","0.16564","","","0.94","LIN","THO 4f  RS12 19 281 0,16564 . . 0,94 LIN"
"IQSobserved","THO","THUJ.OCC","4f","","RS15","12","168","0.12778","","","0.94","LIN","THO 4f  RS15 12 168 0,12778 . . 0,94 LIN"
"IQSobserved","THO","THUJ.OCC","4g","","RS16","20","327","33.94845","0.00643","1.04252","0.92","CR","THO 4g  RS16 20 327 33,94845 0,00643 1,04252 0,92 CR"
"IQSstation","BOP","BETU.PAP","2c","","FE22","25","494","21.35848","0.04726","1.30138","0.95","CR","BOP 2c  FE22 25 494 21,35848 0,04726 1,30138 0,95 CR"
"IQSstation","BOP","BETU.PAP","3a","","MJ12","19","372","21.20100","0.03335","1.32266","0.95","CR","BOP 3a  MJ12 19 372 21,20100 0,03335 1,32266 0,95 CR"
"IQSstation","BOP","BETU.PAP","3a","","MJ21","28","553","23.27689","0.03514","1.32592","0.85","CR","BOP 3a  MJ21 28 553 23,27689 0,03514 1,32592 0,85 CR"
"IQSstation","BOP","BETU.PAP","3a","","MJ22","25","540","22.40917","0.02947","1.32013","0.96","CR","BOP 3a  MJ22 25 540 22,40917 0,02947 1,32013 0,96 CR"
"IQSstation","BOP","BETU.PAP","3c","","MJ12","18","373","24.12726","0.02228","1.16165","0.96","CR","BOP 3c  MJ12 18 373 24,12726 0,02228 1,16165 0,96 CR"
"IQSstation","BOP","BETU.PAP","3d","","MJ12","23","451","22.86360","0.03067","1.24305","0.96","CR","BOP 3d  MJ12 23 451 22,86360 0,03067 1,24305 0,96 CR"
"IQSstation","BOP","BETU.PAP","4b","","MJ22","32","648","23.46928","0.02574","1.20457","0.97","CR","BOP 4b  MJ22 32 648 23,46928 0,02574 1,20457 0,97 CR"
"IQSstation","BOP","BETU.PAP","4b","","MS22","30","596","22.09192","0.02655","1.14703","0.97","CR","BOP 4b  MS22 30 596 22,09192 0,02655 1,14703 0,97 CR"
"IQSstation","BOP","BETU.PAP","4b","","RS22","30","518","23.45291","0.01760","1.02075","0.95","CR","BOP 4b  RS22 30 518 23,45291 0,01760 1,02075 0,95 CR"
"IQSstation","BOP","BETU.PAP","4c","","MJ22","25","474","22.33311","0.02593","1.23550","0.92","CR","BOP 4c  MJ22 25 474 22,33311 0,02593 1,23550 0,92 CR"
"IQSstation","BOP","BETU.PAP","4c","","MS22","25","473","22.02448","0.02764","1.19086","0.97","CR","BOP 4c  MS22 25 473 22,02448 0,02764 1,19086 0,97 CR"
"IQSstation","BOP","BETU.PAP","4d","","MS12","24","424","18.47481","0.01863","1.15744","0.96","WE","BOP 4d  MS12 24 424 18,47481 0,01863 1,15744 0,96 WE"
"IQSstation","BOP","BETU.PAP","4f","","MS12","25","446","21.00814","0.01524","1.11713","0.92","WE","BOP 4f  MS12 25 446 21,00814 0,01524 1,11713 0,92 WE"
"IQSstation","BOP","BETU.PAP","4f","","MS13","25","455","21.73168","0.01463","1.09199","0.95","WE","BOP 4f  MS13 25 455 21,73168 0,01463 1,09199 0,95 WE"
"IQSstation","BOP","BETU.PAP","4f","","MS22","21","352","25.43675","0.01541","1.00199","0.97","WE","BOP 4f  MS22 21 352 25,43675 0,01541 1,00199 0,97 WE"
"IQSstation","BOP","BETU.PAP","4f","","MS62","25","439","18.63609","0.01252","1.23444","0.97","WE","BOP 4f  MS62 25 439 18,63609 0,01252 1,23444 0,97 WE"
"IQSstation","BOP","BETU.PAP","4g","","MS13","26","444","17.34724","0.01864","1.16804","0.96","WE","BOP 4g  MS13 26 444 17,34724 0,01864 1,16804 0,96 WE EPB 4g  MS12"
"IQSstation","BOP","BETU.PAP","4h","","MS13","25","428","19.13693","0.03498","1.19115","0.96","CR","BOP 4h  MS13 25 428 19,13693 0,03498 1,19115 0,96 CR"
"IQSstation","BOP","BETU.PAP","5b","","MS22","25","482","20.15057","0.03869","1.40530","0.95","CR","BOP 5b  MS22 25 482 20,15057 0,03869 1,40530 0,95 CR"
"IQSstation","BOP","BETU.PAP","5c","","MS22","27","526","20.68594","0.02851","1.19504","0.96","CR","BOP 5c  MS22 27 526 20,68594 0,02851 1,19504 0,96 CR"
"IQSstation","BOP","BETU.PAP","5c","","RS22","25","414","18.89602","0.02517","1.14138","0.96","CR","BOP 5c  RS22 25 414 18,89602 0,02517 1,14138 0,96 CR"
"IQSstation","BOP","BETU.PAP","5d","","MS12","23","388","16.45860","0.01998","1.16943","0.97","WE","BOP 5d  MS12 23 388 16,45860 0,01998 1,16943 0,97 WE"
"IQSstation","BOP","BETU.PAP","5d","","MS22","31","589","18.83511","0.01316","1.26051","0.96","WE","BOP 5d  MS22 31 589 18,83511 0,01316 1,26051 0,96 WE"
"IQSstation","BOP","BETU.PAP","5d","","RS22","29","518","17.43249","0.01338","1.24198","0.95","WE","BOP 5d  RS22 29 518 17,43249 0,01338 1,24198 0,95 WE"
"IQSstation","BOP","BETU.PAP","5e","","MS22","25","377","16.24762","0.02944","1.07668","0.88","CR","BOP 5e  MS22 25 377 16,24762 0,02944 1,07668 0,88 CR"
"IQSstation","BOP","BETU.PAP","5f","5fS","MS22","25","374","14.43402","0.02929","1.09161","0.94","CR","BOP 5f 5fS MS22 25 374 14,43402 0,02929 1,09161 0,94 CR"
"IQSstation","BOP","BETU.PAP","5g","","MS22","25","399","17.32581","0.03428","1.17564","0.97","CR","BOP 5g  MS22 25 399 17,32581 0,03428 1,17564 0,97 CR"
"IQSstation","BOP","BETU.PAP","5h","","MS23","23","356","16.23778","0.01206","1.17645","0.91","WE","BOP 5h  MS23 23 356 16,23778 0,01206 1,17645 0,91 WE"
"IQSstation","BOP","BETU.PAP","5i","","MS23","23","348","16.43792","0.03338","1.34246","0.87","CR","BOP 5i  MS23 23 348 16,43792 0,03338 1,34246 0,87 CR"
"IQSstation","BOP","BETU.PAP","6e","","MS22","24","443","17.46255","0.01522","1.19473","0.96","WE","BOP 6e  MS22 24 443 17,46255 0,01522 1,19473 0,96 WE"
"IQSstation","BOP","BETU.PAP","6e","","RS22","30","512","15.51145","0.01412","1.25310","0.94","WE","BOP 6e  RS22 30 512 15,51145 0,01412 1,25310 0,94 WE"
"IQSstation","EPB","PICE.GLA","2a","","MJ11","16","329","27.61069","0.00694","1.30025","0.84","WE","EPB 2a  MJ11 16 329 27,61069 0,00694 1,30025 0,84 WE(3)"
"IQSstation","EPB","PICE.GLA","2b","","MJ14","19","352","31.61275","0.00905","1.17013","0.90","WE","EPB 2b  MJ14 19 352 31,61275 0,00905 1,17013 0,90 WE"
"IQSstation","EPB","PICE.GLA","3a","","MJ12","17","365","28.77879","0.00324","1.52289","0.85","WE","EPB 3a  MJ12 17 365 28,77879 0,00324 1,52289 0,85 WE"
"IQSstation","EPB","PICE.GLA","3a","","MJ21","22","407","26.38408","0.00416","1.45582","0.95","WE","EPB 3a  MJ21 22 407 26,38408 0,00416 1,45582 0,95 WE"
"IQSstation","EPB","PICE.GLA","3a","","MJ22","28","604","26.73573","0.00277","1.54667","0.87","WE","EPB 3a  MJ22 28 604 26,73573 0,00277 1,54667 0,87 WE"
"IQSstation","EPB","PICE.GLA","3b","","MJ12","25","513","35.05364","0.00389","1.38619","0.81","WE","EPB 3b  MJ12 25 513 35,05364 0,00389 1,38619 0,81 WE"
"IQSstation","EPB","PICE.GLA","3b","","MJ21","25","473","31.44633","0.00717","1.24186","0.90","WE","EPB 3b  MJ21 25 473 31,44633 0,00717 1,24186 0,90 WE"
"IQSstation","EPB","PICE.GLA","3b","","MJ22","30","649","28.07574","0.00624","1.36396","0.91","WE","EPB 3b  MJ22 30 649 28,07574 0,00624 1,36396 0,91 WE"
"IQSstation","EPB","PICE.GLA","3c","","MJ12","29","627","36.75586","0.00357","1.27052","0.73","WE","EPB 3c  MJ12 29 627 36,75586 0,00357 1,27052 0,73 WE"
"IQSstation","EPB","PICE.GLA","3c","","MJ22","15","292","28.37629","0.00421","1.36098","0.83","WE","EPB 3c  MJ22 15 292 28,37629 0,00421 1,36098 0,83 WE"
"IQSstation","EPB","PICE.GLA","3c","","MJ25","16","307","28.33459","0.00409","1.34557","0.95","WE","EPB 3c  MJ25 16 307 28,33459 0,00409 1,34557 0,95 WE"
"IQSstation","EPB","PICE.GLA","3d","","MJ12","13","257","28.03620","0.00618","1.29280","0.92","WE","EPB 3d  MJ12 13 257 28,03620 0,00618 1,29280 0,92 WE"
"IQSstation","EPB","PICE.GLA","3d","","MJ15","24","527","25.47258","0.00421","1.45139","0.92","WE","EPB 3d  MJ15 24 527 25,47258 0,00421 1,45139 0,92 WE"
"IQSstation","EPB","PICE.GLA","3d","","MJ22","30","562","26.46754","0.00616","1.34280","0.90","WE","EPB 3d  MJ22 30 562 26,46754 0,00616 1,34280 0,90 WE"
"IQSstation","EPB","PICE.GLA","3d","","MJ25","31","649","29.07477","0.00545","1.32441","0.66","WE","EPB 3d  MJ25 31 649 29,07477 0,00545 1,32441 0,66 WE"
"IQSstation","EPB","PICE.GLA","4a","","MJ22","22","421","25.99672","0.00568","1.32646","0.92","WE","EPB 4a  MJ22 22 421 25,99672 0,00568 1,32646 0,92 WE"
"IQSstation","EPB","PICE.GLA","4b","","MS22","25","491","23.32378","0.00617","1.42284","0.91","WE","EPB 4b  MS22 25 491 23,32378 0,00617 1,42284 0,91 WE"
"IQSstation","EPB","PICE.GLA","4c","","MJ22","24","484","35.10098","0.02785","2.27863","0.78","CR","EPB 4c  MJ22 24 484 35,10098 0,02785 2,27863 0,78 CR"
"IQSstation","EPB","PICE.GLA","4c","","MS22","29","590","30.88549","0.02252","1.46505","0.91","CR","EPB 4c  MS22 29 590 30,88549 0,02252 1,46505 0,91 CR"
"IQSstation","EPB","PICE.GLA","4c","","MS25","16","267","26.33932","0.02657","1.70611","0.95","CR","EPB 4c  MS25 16 267 26,33932 0,02657 1,70611 0,95 CR"
"IQSstation","EPB","PICE.GLA","4c","","RS22","21","447","27.71858","0.02772","1.68110","0.93","CR","EPB 4c  RS22 21 447 27,71858 0,02772 1,68110 0,93 CR"
"IQSstation","EPB","PICE.GLA","4d","","MS12","14","232","36.03154","0.01777","1.36178","0.94","CR","EPB 4d  MS12 14 232 36,03154 0,01777 1,36178 0,94 CR"
"IQSstation","EPB","PICE.GLA","4d","","MS22","23","365","30.31108","0.01841","1.32874","0.93","CR","EPB 4d  MS22 23 365 30,31108 0,01841 1,32874 0,93 CR"
"IQSstation","EPB","PICE.GLA","4f","","MS12","34","593","35.24468","0.00593","1.23149","0.92","WE","EPB 4f  MS12 34 593 35,24468 0,00593 1,23149 0,92 WE"
"IQSstation","EPB","PICE.GLA","4f","","MS15","25","437","27.58769","0.00480","1.39327","0.95","WE","EPB 4f  MS15 25 437 27,58769 0,00480 1,39327 0,95 WE"
"IQSstation","EPB","PICE.GLA","4f","","MS22","40","712","28.23074","0.00726","1.23402","0.95","WE","EPB 4f  MS22 40 712 28,23074 0,00726 1,23402 0,95 WE"
"IQSstation","EPB","PICE.GLA","4f","","RS15","13","226","59.30359","0.00321","1.13732","0.86","WE","EPB 4f  RS15 13 226 59,30359 0,00321 1,13732 0,86 WE"
"IQSstation","EPB","PICE.GLA","4f","","RS52","23","375","24.78099","0.00681","1.30933","0.89","WE","EPB 4f  RS52 23 375 24,78099 0,00681 1,30933 0,89 WE"
"IQSstation","EPB","PICE.GLA","4h","","MS13","20","377","34.32828","0.01855","1.22520","0.95","CR","EPB 4h  MS13 20 377 34,32828 0,01855 1,22520 0,95 CR"
"IQSstation","EPB","PICE.GLA","5a","","MS23","21","421","22.21329","0.00290","1.58745","0.85","WE","EPB 5a  MS23 21 421 22,21329 0,00290 1,58745 0,85 WE"
"IQSstation","EPB","PICE.GLA","5b","","MS22","19","372","41.29056","0.02574","-56.89710","0.75","LOGIST3","EPB 5b  MS22 19 372 41,29056 0,02574 -56,89710 0,75 LOGIST3(6)"
"IQSstation","EPB","PICE.GLA","5c","","MS22","26","518","37.61486","0.01598","1.48150","0.90","CR","EPB 5c  MS22 26 518 37,61486 0,01598 1,48150 0,90 CR"
"IQSstation","EPB","PICE.GLA","5d","","MS12","34","610","30.93118","0.02093","1.44866","0.91","CR","EPB 5d  MS12 34 610 30,93118 0,02093 1,44866 0,91 CR"
"IQSstation","EPB","PICE.GLA","5d","","MS22","26","499","28.88071","0.02066","1.35928","0.87","CR","EPB 5d  MS22 26 499 28,88071 0,02066 1,35928 0,87 CR"
"IQSstation","EPB","PICE.GLA","5e","","MS20","21","286","28.41843","0.00435","1.22086","0.80","WE","EPB 5e  MS20 21 286 28,41843 0,00435 1,22086 0,80 WE"
"IQSstation","EPB","PICE.GLA","5e","5eS","MS22","20","343","32.68818","0.00620","1.09948","0.90","WE","EPB 5e 5eS MS22 20 343 32,68818 0,00620 1,09948 0,90 WE"
"IQSstation","EPB","PICE.GLA","5e","5eT","MS12","25","456","24.07464","0.00560","1.40781","0.91","WE","EPB 5e 5eT MS12 25 456 24,07464 0,00560 1,40781 0,91 WE"
"IQSstation","EPB","PICE.GLA","5e","5eT","MS22","78","1195","27.60154","0.00571","1.23436","0.93","WE","EPB 5e 5eT MS22 78 119 5 27,60154 0,00571 1,23436 0,93 WE"
"IQSstation","EPB","PICE.GLA","5f","5fS","MS12","16","253","31.89412","0.00542","1.19466","0.87","WE","EPB 5f 5fS MS12 16 253 31,89412 0,00542 1,19466 0,87 WE"
"IQSstation","EPB","PICE.GLA","5f","5fS","MS22","23","365","35.45457","0.00519","1.13149","0.91","WE","EPB 5f 5fS MS22 23 365 35,45457 0,00519 1,13149 0,91 WE"
"IQSstation","EPB","PICE.GLA","5g","","MS22","29","504","43.94456","0.00436","1.14968","0.83","WE","EPB 5g  MS22 29 504 43,94456 0,00436 1,14968 0,83 WE"
"IQSstation","EPB","PICE.GLA","5h","","MS13","30","584","36.06906","0.01741","1.33712","0.93","CR","EPB 5h  MS13 30 584 36,06906 0,01741 1,33712 0,93 CR"
"IQSstation","EPB","PICE.GLA","5h","","MS23","35","607","34.22485","0.01449","1.21516","0.90","CR","EPB 5h  MS23 35 607 34,22485 0,01449 1,21516 0,90 CR"
"IQSstation","EPB","PICE.GLA","5i","","MS23","22","340","35.72967","0.00544","1.11906","0.89","WE","EPB 5i  MS23 22 340 35,72967 0,00544 1,11906 0,89 WE"
"IQSstation","EPB","PICE.GLA","5i","","MS43","15","173","33.79080","0.00307","1.13228","0.94","WE","EPB 5i  MS43 15 173 33,79080 0,00307 1,13228 0,94 WE"
"IQSstation","EPB","PICE.GLA","5j","","RB52","22","316","35.31024","0.00548","1.06168","0.52","WE","EPB 5j  RB52 22 316 35,31024 0,00548 1,06168 0,52 WE"
"IQSstation","EPB","PICE.GLA","5j","","RB53","39","642","37.03289","0.00442","1.13310","0.88","WE","EPB 5j  RB53 39 642 37,03289 0,00442 1,13310 0,88 WE"
"IQSstation","EPB","PICE.GLA","6e","","MS22","32","672","30.34586","0.01742","1.36274","0.93","CR","EPB 6e  MS22 32 672 30,34586 0,01742 1,36274 0,93 CR"
"IQSstation","EPB","PICE.GLA","6i","","MS22","25","452","49.05073","0.00385","1.09867","0.92","WE","EPB 6i  MS22 25 452 49,05073 0,00385 1,09867 0,92 WE"
"IQSstation","EPB","PICE.GLA","6j","","MS22","31","545","29.66101","0.00594","1.17157","0.90","WE","EPB 6j  MS22 31 545 29,66101 0,00594 1,17157 0,90 WE"
"IQSstation","EPN","PICE.MAR","4a","","RS25","31","562","25.87945","0.02031","1.26688","0.94","CR","EPN 4a  RS25 31 562 25,87945 0,02031 1,26688 0,94 CR"
"IQSstation","EPN","PICE.MAR","4b","","RE21","30","544","23.66237","0.02285","1.36377","0.92","CR","EPN 4b  RE21 30 544 23,66237 0,02285 1,36377 0,92 CR"
"IQSstation","EPN","PICE.MAR","4b","","RS21","29","476","22.83149","0.02468","1.35095","0.91","CR","EPN 4b  RS21 29 476 22,83149 0,02468 1,35095 0,91 CR"
"IQSstation","EPN","PICE.MAR","4b","","RS22","27","483","25.28653","0.01954","1.24899","0.95","CR","EPN 4b  RS22 27 483 25,28653 0,01954 1,24899 0,95 CR"
"IQSstation","EPN","PICE.MAR","4c","","RE21","30","570","23.26927","0.00781","1.24624","0.97","WE","EPN 4c  RE21 30 570 23,26927 0,00781 1,24624 0,97 WE"
"IQSstation","EPN","PICE.MAR","4c","","RE22","35","625","22.37537","0.00981","1.18821","0.96","WE","EPN 4c  RE22 35 625 22,37537 0,00981 1,18821 0,96 WE"
"IQSstation","EPN","PICE.MAR","4c","","RS22","39","681","25.41353","0.00831","1.19826","0.95","WE","EPN 4c  RS22 39 681 25,41353 0,00831 1,19826 0,95 WE"
"IQSstation","EPN","PICE.MAR","4d","","RS22","18","283","27.08186","0.01083","1.05694","0.92","WE","EPN 4d  RS22 18 283 27,08186 0,01083 1,05694 0,92 WE"
"IQSstation","EPN","PICE.MAR","4e","","RE21","30","560","21.45543","0.00704","1.33682","0.85","WE","EPN 4e  RE21 30 560 21,45543 0,00704 1,33682 0,85 WE"
"IQSstation","EPN","PICE.MAR","5a","","ME13","25","466","28.61208","0.01638","1.24234","0.90","CR","EPN 5a  ME13 25 466 28,61208 0,01638 1,24234 0,90 CR"
"IQSstation","EPN","PICE.MAR","5a","","ME16","23","423","22.61878","0.01861","1.41383","0.96","CR","EPN 5a  ME16 23 423 22,61878 0,01861 1,41383 0,96 CR"
"IQSstation","EPN","PICE.MAR","5a","","RE39","21","319","20.97927","0.01948","1.37952","0.91","CR","EPN 5a  RE39 21 319 20,97927 0,01948 1,37952 0,91 CR"
"IQSstation","EPN","PICE.MAR","5b","","RE21","38","624","20.41417","0.00765","1.24499","0.95","WE","EPN 5b  RE21 38 624 20,41417 0,00765 1,24499 0,95 WE"
"IQSstation","EPN","PICE.MAR","5b","","RE22","40","681","20.94971","0.00693","1.28112","0.94","WE","EPN 5b  RE22 40 681 20,94971 0,00693 1,28112 0,94 WE"
"IQSstation","EPN","PICE.MAR","5b","","RE25","30","512","22.37480","0.00677","1.25658","0.89","WE","EPN 5b  RE25 30 512 22,37480 0,00677 1,25658 0,89 WE"
"IQSstation","EPN","PICE.MAR","5b","","RS22","42","755","22.06319","0.00789","1.27317","0.95","WE","EPN 5b  RS22 42 755 22,06319 0,00789 1,27317 0,95 WE"
"IQSstation","EPN","PICE.MAR","5c","","MS22","15","277","23.11437","0.00641","1.28639","0.89","WE","EPN 5c  MS22 15 277 23,11437 0,00641 1,28639 0,89 WE"
"IQSstation","EPN","PICE.MAR","5c","","RE20","33","555","20.33872","0.00953","1.16136","0.89","WE","EPN 5c  RE20 33 555 20,33872 0,00953 1,16136 0,89 WE"
"IQSstation","EPN","PICE.MAR","5c","","RE21","35","650","22.63240","0.00615","1.26665","0.92","WE","EPN 5c  RE21 35 650 22,63240 0,00615 1,26665 0,92 WE"
"IQSstation","EPN","PICE.MAR","5c","","RE22","50","933","22.35044","0.00837","1.19284","0.90","WE","EPN 5c  RE22 50 933 22,35044 0,00837 1,19284 0,90 WE"
"IQSstation","EPN","PICE.MAR","5c","","RE25","23","416","21.32074","0.00593","1.26381","0.93","WE","EPN 5c  RE25 23 416 21,32074 0,00593 1,26381 0,93 WE"
"IQSstation","EPN","PICE.MAR","5c","","RE39","30","556","24.96740","0.00506","1.20851","0.90","WE","EPN 5c  RE39 30 556 24,96740 0,00506 1,20851 0,90 WE"
"IQSstation","EPN","PICE.MAR","5c","","RS22","32","601","24.40101","0.00791","1.18934","0.92","WE","EPN 5c  RS22 32 601 24,40101 0,00791 1,18934 0,92 WE"
"IQSstation","EPN","PICE.MAR","5d","","RE20","32","578","21.34987","0.00760","1.26643","0.85","WE","EPN 5d  RE20 32 578 21,34987 0,00760 1,26643 0,85 WE"
"IQSstation","EPN","PICE.MAR","5d","","RE21","25","473","23.15277","0.00596","1.30252","0.96","WE","EPN 5d  RE21 25 473 23,15277 0,00596 1,30252 0,96 WE"
"IQSstation","EPN","PICE.MAR","5d","","RE22","26","480","20.27919","0.00708","1.29936","0.93","WE","EPN 5d  RE22 26 480 20,27919 0,00708 1,29936 0,93 WE"
"IQSstation","EPN","PICE.MAR","5d","","RS22","34","623","24.63885","0.00769","1.22040","0.96","WE","EPN 5d  RS22 34 623 24,63885 0,00769 1,22040 0,96 WE"
"IQSstation","EPN","PICE.MAR","5e","5eS","RS22","19","265","52.96430","0.00251","1.11989","0.95","WE","EPN 5e 5eS RS22 19 265 52,96430 0,00251 1,11989 0,95 WE"
"IQSstation","EPN","PICE.MAR","5e","5eT","RS20","25","378","19.13354","0.00767","1.20913","0.92","WE","EPN 5e 5eT RS20 25 378 19,13354 0,00767 1,20913 0,92 WE"
"IQSstation","EPN","PICE.MAR","5e","5eT","RS22","35","496","26.82609","0.00922","1.03254","0.95","WE","EPN 5e 5eT RS22 35 496 26,82609 0,00922 1,03254 0,95 WE"
"IQSstation","EPN","PICE.MAR","5e","5eT","RS25","29","463","26.78287","0.00789","1.11486","0.90","WE","EPN 5e 5eT RS25 29 463 26,78287 0,00789 1,11486 0,90 WE"
"IQSstation","EPN","PICE.MAR","5f","5fS","RS22M","27","414","30.23694","0.01053","1.08970","0.97","CR","EPN 5f 5fS RS22M 27 414 30,23694 0,01053 1,08970 0,97 CR"
"IQSstation","EPN","PICE.MAR","5g","","RE21","23","345","19.89210","0.00723","1.21951","0.78","WE","EPN 5g  RE21 23 345 19,89210 0,00723 1,21951 0,78 WE"
"IQSstation","EPN","PICE.MAR","5g","","RS20","17","231","21.48917","0.00695","1.19544","0.94","WE","EPN 5g  RS20 17 231 21,48917 0,00695 1,19544 0,94 WE"
"IQSstation","EPN","PICE.MAR","5g","","RS21","23","336","25.95888","0.00708","1.16438","0.93","WE","EPN 5g  RS21 23 336 25,95888 0,00708 1,16438 0,93 WE"
"IQSstation","EPN","PICE.MAR","5g","","RS22","39","615","25.18770","0.00656","1.20273","0.94","WE","EPN 5g  RS22 39 615 25,18770 0,00656 1,20273 0,94 WE"
"IQSstation","EPN","PICE.MAR","5h","","RE23","23","365","23.41461","0.00825","1.18373","0.96","WE","EPN 5h  RE23 23 365 23,41461 0,00825 1,18373 0,96 WE"
"IQSstation","EPN","PICE.MAR","5h","","RS23","21","347","33.09952","0.00641","1.11427","0.97","WE","EPN 5h  RS23 21 347 33,09952 0,00641 1,11427 0,97 WE"
"IQSstation","EPN","PICE.MAR","5i","","RS23","22","361","29.13135","0.00579","1.15261","0.96","WE","EPN 5i  RS23 22 361 29,13135 0,00579 1,15261 0,96 WE"
"IQSstation","EPN","PICE.MAR","5j","","RE38","20","204","16.63359","0.00618","1.12140","0.91","WE","EPN 5j  RE38 20 204 16,63359 0,00618 1,12140 0,91 WE"
"IQSstation","EPN","PICE.MAR","5j","","RS23","20","269","27.94839","0.00549","1.13513","0.85","WE","EPN 5j  RS23 20 269 27,94839 0,00549 1,13513 0,85 WE"
"IQSstation","EPN","PICE.MAR","6a","","ME13","28","522","30.36171","0.01433","1.23112","0.95","CR","EPN 6a  ME13 28 522 30,36171 0,01433 1,23112 0,95 CR"
"IQSstation","EPN","PICE.MAR","6a","","ME16","25","484","27.18095","0.01601","1.18330","0.96","CR","EPN 6a  ME16 25 484 27,18095 0,01601 1,18330 0,96 CR"
"IQSstation","EPN","PICE.MAR","6a","","RE21","25","463","19.94212","0.02586","1.34938","0.96","CR","EPN 6a  RE21 25 463 19,94212 0,02586 1,34938 0,96 CR"
"IQSstation","EPN","PICE.MAR","6a","","RE22","25","381","17.17949","0.02351","1.33781","0.89","CR","EPN 6a  RE22 25 381 17,17949 0,02351 1,33781 0,89 CR"
"IQSstation","EPN","PICE.MAR","6a","","RE37","16","282","20.33003","0.02103","1.22420","0.94","CR","EPN 6a  RE37 16 282 20,33003 0,02103 1,22420 0,94 CR"
"IQSstation","EPN","PICE.MAR","6a","","RS22","24","437","27.28006","0.01752","1.19819","0.95","CR","EPN 6a  RS22 24 437 27,28006 0,01752 1,19819 0,95 CR"
"IQSstation","EPN","PICE.MAR","6a","","RS26","18","337","25.99638","0.01616","1.25735","0.94","CR","EPN 6a  RS26 18 337 25,99638 0,01616 1,25735 0,94 CR"
"IQSstation","EPN","PICE.MAR","6c","","RE21","25","425","20.20302","0.02310","1.32837","0.93","CR","EPN 6c  RE21 25 425 20,20302 0,02310 1,32837 0,93 CR"
"IQSstation","EPN","PICE.MAR","6c","","RE22","19","334","21.65952","0.02454","1.34453","0.95","CR","EPN 6c  RE22 19 334 21,65952 0,02454 1,34453 0,95 CR"
"IQSstation","EPN","PICE.MAR","6c","","RE24","25","432","23.95307","0.01847","1.28718","0.96","CR","EPN 6c  RE24 25 432 23,95307 0,01847 1,28718 0,96 CR"
"IQSstation","EPN","PICE.MAR","6c","","RE25","29","529","20.75139","0.00716","1.23920","0.96","WE","EPN 6c  RE25 29 529 20,75139 0,00716 1,23920 0,96 WE"
"IQSstation","EPN","PICE.MAR","6c","","RS22","25","409","27.31721","0.01844","1.28855","0.96","CR","EPN 6c  RS22 25 409 27,31721 0,01844 1,28855 0,96 CR"
"IQSstation","EPN","PICE.MAR","6d","","RE11","25","380","17.85809","0.02186","1.32266","0.96","CR","EPN 6d  RE11 25 380 17,85809 0,02186 1,32266 0,96 CR"
"IQSstation","EPN","PICE.MAR","6d","","RE12","25","361","19.56201","0.01995","1.29314","0.93","CR","EPN 6d  RE12 25 361 19,56201 0,01995 1,29314 0,93 CR"
"IQSstation","EPN","PICE.MAR","6d","","RE21","25","400","18.96684","0.02451","1.31501","0.92","CR","EPN 6d  RE21 25 400 18,96684 0,02451 1,31501 0,92 CR"
"IQSstation","EPN","PICE.MAR","6d","","RE22","25","425","19.45100","0.02317","1.26050","0.94","CR","EPN 6d  RE22 25 425 19,45100 0,02317 1,26050 0,94 CR"
"IQSstation","EPN","PICE.MAR","6d","","RE25","25","387","17.77850","0.01958","1.18432","0.84","CR","EPN 6d  RE25 25 387 17,77850 0,01958 1,18432 0,84 CR"
"IQSstation","EPN","PICE.MAR","6e","","RE21","35","557","20.19137","0.01946","1.26436","0.90","CR","EPN 6e  RE21 35 557 20,19137 0,01946 1,26436 0,90 CR"
"IQSstation","EPN","PICE.MAR","6e","","RE22","29","519","22.35998","0.01866","1.27565","0.93","CR","EPN 6e  RE22 29 519 22,35998 0,01866 1,27565 0,93 CR"
"IQSstation","EPN","PICE.MAR","6e","","RE25","20","339","25.15576","0.01214","1.15284","0.94","CR","EPN 6e  RE25 20 339 25,15576 0,01214 1,15284 0,94 CR"
"IQSstation","EPN","PICE.MAR","6e","","RE37","24","375","29.83595","0.00873","1.15145","0.74","CR","EPN 6e  RE37 24 375 29,83595 0,00873 1,15145 0,74 CR"
"IQSstation","EPN","PICE.MAR","6e","","RE39","15","242","27.30070","0.00878","1.10764","0.76","CR","EPN 6e  RE39 15 242 27,30070 0,00878 1,10764 0,76 CR"
"IQSstation","EPN","PICE.MAR","6e","","RS22","19","344","26.24150","0.01929","1.21354","0.97","CR","EPN 6e  RS22 19 344 26,24150 0,01929 1,21354 0,97 CR"
"IQSstation","EPN","PICE.MAR","6f","","RE21","25","386","16.88646","0.02391","1.42234","0.96","CR","EPN 6f  RE21 25 386 16,88646 0,02391 1,42234 0,96 CR"
"IQSstation","EPN","PICE.MAR","6f","","RE22","32","498","21.02443","0.01729","1.32333","0.84","CR","EPN 6f  RE22 32 498 21,02443 0,01729 1,32333 0,84 CR"
"IQSstation","EPN","PICE.MAR","6f","","RE25","23","317","16.27045","0.01588","1.13372","0.95","CR","EPN 6f  RE25 23 317 16,27045 0,01588 1,13372 0,95 CR"
"IQSstation","EPN","PICE.MAR","6f","","RE39","22","286","14.59224","0.00790","1.12776","0.92","WE","EPN 6f  RE39 22 286 14,59224 0,00790 1,12776 0,92 WE"
"IQSstation","EPN","PICE.MAR","6f","","RS22","25","419","25.99689","0.01506","1.20199","0.97","CR","EPN 6f  RS22 25 419 25,99689 0,01506 1,20199 0,97 CR"
"IQSstation","EPN","PICE.MAR","6g","","RE11","29","370","20.72426","0.01333","1.29748","0.94","CR","EPN 6g  RE11 29 370 20,72426 0,01333 1,29748 0,94 CR"
"IQSstation","EPN","PICE.MAR","6g","","RE12","25","298","12.34727","0.03096","1.51212","0.92","CR","EPN 6g  RE12 25 298 12,34727 0,03096 1,51212 0,92 CR"
"IQSstation","EPN","PICE.MAR","6g","","RE21","24","342","16.89810","0.02390","1.44426","0.95","CR","EPN 6g  RE21 24 342 16,89810 0,02390 1,44426 0,95 CR"
"IQSstation","EPN","PICE.MAR","6g","","RE22","34","460","14.95657","0.02128","1.20219","0.91","CR","EPN 6g  RE22 34 460 14,95657 0,02128 1,20219 0,91 CR"
"IQSstation","EPN","PICE.MAR","6g","","RS22","25","395","25.55960","0.01254","1.48990","0.95","CR","EPN 6g  RS22 25 395 25,55960 0,01254 1,48990 0,95 CR"
"IQSstation","EPN","PICE.MAR","6h","","RE21","25","370","17.78804","0.00925","1.13684","0.94","WE","EPN 6h  RE21 25 370 17,78804 0,00925 1,13684 0,94 WE"
"IQSstation","EPN","PICE.MAR","6h","","RE22","28","398","20.06528","0.00995","1.07771","0.94","WE","EPN 6h  RE22 28 398 20,06528 0,00995 1,07771 0,94 WE"
"IQSstation","EPN","PICE.MAR","6h","","RS20","24","365","30.14307","0.00316","1.29413","0.93","WE","EPN 6h  RS20 24 365 30,14307 0,00316 1,29413 0,93 WE"
"IQSstation","EPN","PICE.MAR","6h","","RS22","26","427","28.58722","0.00502","1.15891","0.82","WE","EPN 6h  RS22 26 427 28,58722 0,00502 1,15891 0,82 WE"
"IQSstation","EPN","PICE.MAR","6h","","RS22M","25","437","34.72127","0.00752","1.06510","0.91","WE","EPN 6h  RS22M 25 437 34,72127 0,00752 1,06510 0,91 WE"
"IQSstation","EPN","PICE.MAR","6h","","RS25","24","405","30.79857","0.00559","1.11980","0.95","WE","EPN 6h  RS25 24 405 30,79857 0,00559 1,11980 0,95 WE"
"IQSstation","EPN","PICE.MAR","6i","","RE21","27","428","19.48239","0.02125","1.36455","0.93","CR","EPN 6i  RE21 27 428 19,48239 0,02125 1,36455 0,93 CR"
"IQSstation","EPN","PICE.MAR","6i","","RE22","30","467","17.91074","0.01988","1.23355","0.94","CR","EPN 6i  RE22 30 467 17,91074 0,01988 1,23355 0,94 CR"
"IQSstation","EPN","PICE.MAR","6i","","RS20","25","421","31.10478","0.01260","1.31846","0.94","CR","EPN 6i  RS20 25 421 31,10478 0,01260 1,31846 0,94 CR"
"IQSstation","EPN","PICE.MAR","6i","","RS22","23","353","24.53966","0.01417","1.28633","0.96","CR","EPN 6i  RS22 23 353 24,53966 0,01417 1,28633 0,96 CR"
"IQSstation","EPN","PICE.MAR","6i","","RS22M","27","427","26.19624","0.01448","1.32753","0.95","CR","EPN 6i  RS22M 27 427 26,19624 0,01448 1,32753 0,95 CR"
"IQSstation","EPN","PICE.MAR","6i","","RS25","25","463","31.19598","0.01204","1.31325","0.96","CR","EPN 6i  RS25 25 463 31,19598 0,01204 1,31325 0,96 CR"
"IQSstation","EPN","PICE.MAR","6j","","RE20","27","359","16.46746","0.01658","1.23503","0.93","CR","EPN 6j  RE20 27 359 16,46746 0,01658 1,23503 0,93 CR"
"IQSstation","EPN","PICE.MAR","6j","","RE21","25","341","18.21426","0.01561","1.17734","0.95","CR","EPN 6j  RE21 25 341 18,21426 0,01561 1,17734 0,95 CR"
"IQSstation","EPN","PICE.MAR","6j","","RS20","32","503","27.83857","0.01207","1.26069","0.94","CR","EPN 6j  RS20 32 503 27,83857 0,01207 1,26069 0,94 CR"
"IQSstation","EPN","PICE.MAR","6j","","RS22","26","424","28.68710","0.01055","1.12871","0.85","CR","EPN 6j  RS22 26 424 28,68710 0,01055 1,12871 0,85 CR"
"IQSstation","EPN","PICE.MAR","6j","","RS22M","30","484","39.52271","0.00794","1.15190","0.97","CR","EPN 6j  RS22M 30 484 39,52271 0,00794 1,15190 0,97 CR"
"IQSstation","EPN","PICE.MAR","6j","","RS25","24","354","28.24047","0.01058","1.21378","0.89","CR","EPN 6j  RS25 24 354 28,24047 0,01058 1,21378 0,89 CR"
"IQSstation","EPN","PICE.MAR","6k","","RE21","25","348","16.12029","0.02086","1.37569","0.94","CR","EPN 6k  RE21 25 348 16,12029 0,02086 1,37569 0,94 CR"
"IQSstation","EPN","PICE.MAR","6k","","RE22","28","389","16.05979","0.01915","1.31299","0.94","CR","EPN 6k  RE22 28 389 16,05979 0,01915 1,31299 0,94 CR"
"IQSstation","EPN","PICE.MAR","6k","","RE25","28","374","16.98457","0.01228","1.10780","0.93","CR","EPN 6k  RE25 28 374 16,98457 0,01228 1,10780 0,93 CR"
"IQSstation","EPN","PICE.MAR","6k","","RS22","28","462","22.30934","0.01652","1.29845","0.97","CR","EPN 6k  RS22 28 462 22,30934 0,01652 1,29845 0,97 CR"
"IQSstation","EPN","PICE.MAR","6l","","RE22","24","391","17.98711","0.00868","1.21110","0.91","WE","EPN 6l  RE22 24 391 17,98711 0,00868 1,21110 0,91 WE"
"IQSstation","EPN","PICE.MAR","6l","","RE25","23","309","123.63008","0.00144","0.91796","0.93","WE","EPN 6l  RE25 23 309 123,63008 0,00144 0,91796 0,93 WE"
"IQSstation","EPN","PICE.MAR","6l","","RS22","23","433","21.65125","0.00607","1.20561","0.93","WE","EPN 6l  RS22 23 433 21,65125 0,00607 1,20561 0,93 WE"
"IQSstation","EPN","PICE.MAR","6l","","RS22M","25","476","23.52061","0.00630","1.17626","0.92","WE","EPN 6l  RS22M 25 476 23,52061 0,00630 1,17626 0,92 WE"
"IQSstation","EPN","PICE.MAR","6l","","RS25","23","312","26.18809","0.00533","1.08592","0.97","WE","EPN 6l  RS25 23 312 26,18809 0,00533 1,08592 0,97 WE"
"IQSstation","EPN","PICE.MAR","6n","","RS22","16","233","21.20469","0.01401","1.60181","0.95","WE","EPN 6n  RS22 16 233 21,20469 0,01401 1,60181 0,95 WE"
"IQSstation","EPR","PICE.RUB","2b","","RS54","15","275","18.83739","0.00449","1.47154","0.93","WE","EPR 2b  RS54 15 275 18,83739 0,00449 1,47154 0,93 WE"
"IQSstation","EPR","PICE.RUB","3c","","RS52","26","455","23.37816","0.00616","1.27799","0.94","WE","EPR 3c  RS52 26 455 23,37816 0,00616 1,27799 0,94 WE"
"IQSstation","EPR","PICE.RUB","3d","","RS55","24","465","24.66593","0.00518","1.32255","0.96","WE","EPR 3d  RS55 24 465 24,66593 0,00518 1,32255 0,96 WE"
"IQSstation","EPR","PICE.RUB","4f","","RS52","30","520","24.17212","0.01240","1.16394","0.91","WE","EPR 4f  RS52 30 520 24,17212 0,01240 1,16394 0,91 WE"
"IQSstation","PEG","POPU.GRA","2a","","FE22","25","626","37.16979","0.02433","1.12225","0.96","CR","PEG 2a  FE22 25 626 37,16979 0,02433 1,12225 0,96 CR(4)"
"IQSstation","PEG","POPU.GRA","2b","","FE22","27","470","24.86775","0.04830","1.40272","0.93","CR","PEG 2b  FE22 27 470 24,86775 0,04830 1,40272 0,93 CR"
"IQSstation","PEG","POPU.GRA","2c","","FE22","23","439","27.53015","0.05451","1.31741","0.89","CR","PEG 2c  FE22 23 439 27,53015 0,05451 1,31741 0,89 CR"
"IQSstation","PEG","POPU.GRA","3a","","MJ12","19","450","32.61615","0.02647","1.40189","0.97","CR","PEG 3a  MJ12 19 450 32,61615 0,02647 1,40189 0,97 CR"
"IQSstation","PEG","POPU.GRA","3b","","FE22","25","639","32.73239","0.02948","1.34530","0.95","CR","PEG 3b  FE22 25 639 32,73239 0,02948 1,34530 0,95 CR"
"IQSstation","PEG","POPU.GRA","3b","","FE32","25","612","30.98735","0.02549","1.16167","0.96","CR","PEG 3b  FE32 25 612 30,98735 0,02549 1,16167 0,96 CR"
"IQSstation","PEG","POPU.GRA","3b","","MJ12","25","579","33.29539","0.02301","1.21510","0.95","CR","PEG 3b  MJ12 25 579 33,29539 0,02301 1,21510 0,95 CR"
"IQSstation","PEG","POPU.GRA","3c","","FE32","30","617","25.65202","0.03514","1.20293","0.95","CR","PEG 3c  FE32 30 617 25,65202 0,03514 1,20293 0,95 CR"
"IQSstation","PEG","POPU.GRA","3c","","MJ12","30","683","27.52892","0.02499","1.17228","0.96","CR","PEG 3c  MJ12 30 683 27,52892 0,02499 1,17228 0,96 CR"
"IQSstation","PEG","POPU.GRA","4b","","MJ22","29","638","26.85755","0.03866","1.41546","0.90","CR","PEG 4b  MJ22 29 638 26,85755 0,03866 1,41546 0,90 CR"
"IQSstation","PET","POPU.TRE","2a","","MJ11","18","375","30.32257","0.02951","1.37393","0.96","CR","PET 2a  MJ11 18 375 30,32257 0,02951 1,37393 0,96 CR"
"IQSstation","PET","POPU.TRE","2a","","MJ12","26","547","29.46881","0.03799","1.23127","0.94","CR","PET 2a  MJ12 26 547 29,46881 0,03799 1,23127 0,94 CR"
"IQSstation","PET","POPU.TRE","3a","","FE32","15","307","27.76763","0.04647","1.29196","0.97","CR","PET 3a  FE32 15 307 27,76763 0,04647 1,29196 0,97 CR"
"IQSstation","PET","POPU.TRE","3a","","MJ22","26","558","26.32428","0.04194","1.35217","0.94","CR","PET 3a  MJ22 26 558 26,32428 0,04194 1,35217 0,94 CR"
"IQSstation","PET","POPU.TRE","3d","","MJ12","13","265","23.68006","0.03659","1.29959","0.96","CR","PET 3d  MJ12 13 265 23,68006 0,03659 1,29959 0,96 CR"
"IQSstation","PET","POPU.TRE","3d","","MJ22","19","354","25.04278","0.02733","1.00742","0.95","CR","PET 3d  MJ22 19 354 25,04278 0,02733 1,00742 0,95 CR"
"IQSstation","PET","POPU.TRE","3d","","MJ25","23","441","27.87430","0.03677","1.34733","0.88","CR","PET 3d  MJ25 23 441 27,87430 0,03677 1,34733 0,88 CR"
"IQSstation","PET","POPU.TRE","4a","","MS22","33","735","26.51480","0.03854","1.42072","0.91","CR","PET 4a  MS22 33 735 26,51480 0,03854 1,42072 0,91 CR"
"IQSstation","PET","POPU.TRE","4c","","MJ22","25","564","28.14354","0.01908","0.92001","0.97","CR","PET 4c  MJ22 25 564 28,14354 0,01908 0,92001 0,97 CR"
"IQSstation","PET","POPU.TRE","4c","","MS22","25","570","28.64305","0.02305","1.08748","0.95","CR","PET 4c  MS22 25 570 28,64305 0,02305 1,08748 0,95 CR"
"IQSstation","PET","POPU.TRE","4e","","MS21","21","402","23.37658","0.00836","1.41965","0.96","WE","PET 4e  MS21 21 402 23,37658 0,00836 1,41965 0,96 WE"
"IQSstation","PET","POPU.TRE","4f","","MS12","24","513","25.10267","0.03596","1.25582","0.90","CR","PET 4f  MS12 24 513 25,10267 0,03596 1,25582 0,90 CR"
"IQSstation","PET","POPU.TRE","4f","","MS22","21","461","26.36487","0.03426","1.32852","0.93","CR","PET 4f  MS22 21 461 26,36487 0,03426 1,32852 0,93 CR"
"IQSstation","PET","POPU.TRE","4f","","MS62","16","319","22.86207","0.03943","1.20866","0.95","CR","PET 4f  MS62 16 319 22,86207 0,03943 1,20866 0,95 CR"
"IQSstation","PET","POPU.TRE","4h","","MS23","24","446","22.15686","0.01376","1.34446","0.86","WE","PET 4h  MS23 24 446 22,15686 0,01376 1,34446 0,86 WE"
"IQSstation","PET","POPU.TRE","5a","","ME13","25","596","26.30209","0.00536","1.38632","0.93","WE","PET 5a  ME13 25 596 26,30209 0,00536 1,38632 0,93 WE"
"IQSstation","PET","POPU.TRE","5a","","MS23","29","626","22.44680","0.00894","1.38449","0.95","WE","PET 5a  MS23 29 626 22,44680 0,00894 1,38449 0,95 WE"
"IQSstation","PET","POPU.TRE","5a","","MS26","25","578","24.43104","0.00817","1.39913","0.95","WE","PET 5a  MS26 25 578 24,43104 0,00817 1,39913 0,95 WE"
"IQSstation","PET","POPU.TRE","5b","","MS22","25","513","23.21148","0.03828","1.29654","0.95","CR","PET 5b  MS22 25 513 23,21148 0,03828 1,29654 0,95 CR"
"IQSstation","PET","POPU.TRE","5c","","MS12","25","510","23.74636","0.02860","1.11771","0.93","CR","PET 5c  MS12 25 510 23,74636 0,02860 1,11771 0,93 CR"
"IQSstation","PET","POPU.TRE","5c","","MS22","35","769","25.61989","0.02747","1.15349","0.92","CR","PET 5c  MS22 35 769 25,61989 0,02747 1,15349 0,92 CR"
"IQSstation","PET","POPU.TRE","5d","","MS12","25","494","22.33088","0.01597","1.18447","0.89","WE","PET 5d  MS12 25 494 22,33088 0,01597 1,18447 0,89 WE"
"IQSstation","PET","POPU.TRE","5d","","MS22","30","626","21.43048","0.01131","1.32491","0.94","WE","PET 5d  MS22 30 626 21,43048 0,01131 1,32491 0,94 WE"
"IQSstation","PET","POPU.TRE","5d","","RS22","25","502","20.54119","0.00952","1.31714","0.89","WE","PET 5d  RS22 25 502 20,54119 0,00952 1,31714 0,89 WE"
"IQSstation","PET","POPU.TRE","5g","","MS22","25","563","24.93284","0.04252","1.51180","0.92","CR","PET 5g  MS22 25 563 24,93284 0,04252 1,51180 0,92 CR"
"IQSstation","PET","POPU.TRE","5h","","MS23","29","608","25.69018","0.02604","1.08576","0.92","CR","PET 5h  MS23 29 608 25,69018 0,02604 1,08576 0,92 CR"
"IQSstation","PET","POPU.TRE","5i","","RS23","25","490","21.03062","0.04282","1.41284","0.92","CR","PET 5i  RS23 25 490 21,03062 0,04282 1,41284 0,92 CR"
"IQSstation","PET","POPU.TRE","6a","","ME13","28","605","32.41964","0.00976","1.08500","0.89","WE","PET 6a  ME13 28 605 32,41964 0,00976 1,08500 0,89 WE"
"IQSstation","PET","POPU.TRE","6a","","ME16","21","460","25.98542","0.01427","1.09229","0.98","WE","PET 6a  ME16 21 460 25,98542 0,01427 1,09229 0,98 WE"
"IQSstation","PET","POPU.TRE","6e","","MS22","25","584","25.59942","0.02673","1.20109","0.98","CR","PET 6e  MS22 25 584 25,59942 0,02673 1,20109 0,98 CR"
"IQSstation","PET","POPU.TRE","6e","","RS22","23","475","21.92486","0.02829","1.17316","0.94","CR","PET 6e  RS22 23 475 21,92486 0,02829 1,17316 0,94 CR"
"IQSstation","PIB","PINU.STR","3a","","RP12","18","515","58.17277","0.00694","1.11987","0.97","CR","PIB 3a  RP12 18 515 58,17277 0,00694 1,11987 0,97 CR"
"IQSstation","PIB","PINU.STR","3b","","RP11","25","559","0.30069","","","0.92","LIN","PIB 3b  RP11 25 559 0,30069 NA NA 0,92 LIN(5)"
"IQSstation","PIG","PINU.BAN","4b","","RE21","30","579","20.05496","0.03587","1.24843","0.94","CR","PIG 4b  RE21 30 579 20,05496 0,03587 1,24843 0,94 CR"
"IQSstation","PIG","PINU.BAN","4c","","RE21","30","629","22.76771","0.02786","1.12261","0.94","CR","PIG 4c  RE21 30 629 22,76771 0,02786 1,12261 0,94 CR"
"IQSstation","PIG","PINU.BAN","4c","","RE22","25","516","21.51524","0.02962","1.23419","0.96","CR","PIG 4c  RE22 25 516 21,51524 0,02962 1,23419 0,96 CR"
"IQSstation","PIG","PINU.BAN","4e","","RE21","30","555","21.07402","0.03409","1.22641","0.96","CR","PIG 4e  RE21 30 555 21,07402 0,03409 1,22641 0,96 CR"
"IQSstation","PIG","PINU.BAN","5b","","RE21","56","1034","17.84689","0.01147","1.28656","0.92","WE","PIG 5b  RE21 56 1034 17,84689 0,01147 1,28656 0,92 WE"
"IQSstation","PIG","PINU.BAN","5b","","RE22","40","746","19.13909","0.01091","1.26849","0.95","WE","PIG 5b  RE22 40 746 19,13909 0,01091 1,26849 0,95 WE"
"IQSstation","PIG","PINU.BAN","5b","","RE25","15","259","17.46282","0.01333","1.18969","0.91","WE","PIG 5b  RE25 15 259 17,46282 0,01333 1,18969 0,91 WE"
"IQSstation","PIG","PINU.BAN","5b","","RS22","19","384","19.79691","0.00929","1.33743","0.96","WE","PIG 5b  RS22 19 384 19,79691 0,00929 1,33743 0,96 WE"
"IQSstation","PIG","PINU.BAN","5c","","RE20","28","477","17.12706","0.00765","1.30207","0.90","WE","PIG 5c  RE20 28 477 17,12706 0,00765 1,30207 0,90 WE"
"IQSstation","PIG","PINU.BAN","5c","","RE21","30","583","18.81247","0.01102","1.27705","0.95","WE","PIG 5c  RE21 30 583 18,81247 0,01102 1,27705 0,95 WE"
"IQSstation","PIG","PINU.BAN","5c","","RE22","38","740","21.41229","0.01286","1.14291","0.88","WE","PIG 5c  RE22 38 740 21,41229 0,01286 1,14291 0,88 WE"
"IQSstation","PIG","PINU.BAN","5c","","RS22","22","496","21.63953","0.01025","1.18193","0.97","WE","PIG 5c  RS22 22 496 21,63953 0,01025 1,18193 0,97 WE"
"IQSstation","PIG","PINU.BAN","5d","","RE20","29","536","20.88623","0.02556","1.20421","0.91","CR","PIG 5d  RE20 29 536 20,88623 0,02556 1,20421 0,91 CR"
"IQSstation","PIG","PINU.BAN","5d","","RE21","25","508","19.81012","0.03504","1.46652","0.93","CR","PIG 5d  RE21 25 508 19,81012 0,03504 1,46652 0,93 CR"
"IQSstation","PIG","PINU.BAN","5d","","RE22","24","428","20.25322","0.02262","1.12449","0.90","CR","PIG 5d  RE22 24 428 20,25322 0,02262 1,12449 0,90 CR"
"IQSstation","PIG","PINU.BAN","5g","","RE21","36","632","17.90947","0.01200","1.21280","0.78","WE","PIG 5g  RE21 36 632 17,90947 0,01200 1,21280 0,78 WE"
"IQSstation","PIG","PINU.BAN","6a","","RE21","28","506","17.07253","0.01427","1.23081","0.96","WE","PIG 6a  RE21 28 506 17,07253 0,01427 1,23081 0,96 WE"
"IQSstation","PIG","PINU.BAN","6a","","RE22","25","415","15.32953","0.01408","1.21478","0.94","WE","PIG 6a  RE22 25 415 15,32953 0,01408 1,21478 0,94 WE"
"IQSstation","PIG","PINU.BAN","6c","","RE21","31","535","16.76433","0.00937","1.26844","0.91","WE","PIG 6c  RE21 31 535 16,76433 0,00937 1,26844 0,91 WE"
"IQSstation","PIG","PINU.BAN","6c","","RE22","19","356","17.59308","0.00744","1.35950","0.92","WE","PIG 6c  RE22 19 356 17,59308 0,00744 1,35950 0,92 WE"
"IQSstation","PIG","PINU.BAN","6c","","RE24","25","451","16.43571","0.00648","1.38193","0.94","WE","PIG 6c  RE24 25 451 16,43571 0,00648 1,38193 0,94 WE"
"IQSstation","PIG","PINU.BAN","6d","","RE11","25","383","14.18287","0.03524","1.53278","0.96","CR","PIG 6d  RE11 25 383 14,18287 0,03524 1,53278 0,96 CR"
"IQSstation","PIG","PINU.BAN","6d","","RE12","25","407","15.26379","0.03180","1.44286","0.93","CR","PIG 6d  RE12 25 407 15,26379 0,03180 1,44286 0,93 CR"
"IQSstation","PIG","PINU.BAN","6d","","RE21","25","400","14.32242","0.03863","1.33398","0.96","CR","PIG 6d  RE21 25 400 14,32242 0,03863 1,33398 0,96 CR"
"IQSstation","PIG","PINU.BAN","6d","","RE22","25","411","15.40996","0.03192","1.23961","0.95","CR","PIG 6d  RE22 25 411 15,40996 0,03192 1,23961 0,95 CR"
"IQSstation","PIG","PINU.BAN","6e","","RE21","34","575","16.31011","0.03570","1.41931","0.92","CR","PIG 6e  RE21 34 575 16,31011 0,03570 1,41931 0,92 CR"
"IQSstation","PIG","PINU.BAN","6e","","RE22","34","618","17.31970","0.03339","1.29597","0.95","CR","PIG 6e  RE22 34 618 17,31970 0,03339 1,29597 0,95 CR"
"IQSstation","PIG","PINU.BAN","6f","","RE21","24","378","16.08","136","0.02465","1.26841","CR","PIG 6f  RE21 24 378 16,08 136 0,02465 1,26841 0,97 CR"
"IQSstation","PIG","PINU.BAN","6g","","RE11","30","415","12.68486","0.00574","1.40326","0.97","WE","PIG 6g  RE11 30 415 12,68486 0,00574 1,40326 0,97 WE"
"IQSstation","PIG","PINU.BAN","6g","","RE12","25","323","12.48066","0.00784","1.33408","0.95","WE","PIG 6g  RE12 25 323 12,48066 0,00784 1,33408 0,95 WE"
"IQSstation","PIG","PINU.BAN","6g","","RE21","25","383","13.65472","0.00594","1.42171","0.96","WE","PIG 6g  RE21 25 383 13,65472 0,00594 1,42171 0,96 WE"
"IQSstation","PIG","PINU.BAN","6g","","RE22","30","394","11.24413","0.00742","1.40540","0.96","WE","PIG 6g  RE22 30 394 11,24413 0,00742 1,40540 0,96 WE"
"IQSstation","PIG","PINU.BAN","6h","","RE21","25","394","14.09642","0.01065","1.28183","0.95","WE","PIG 6h  RE21 25 394 14,09642 0,01065 1,28183 0,95 WE"
"IQSstation","PIG","PINU.BAN","6i","","RE21","25","419","15.91911","0.01472","1.18203","0.95","WE","PIG 6i  RE21 25 419 15,91911 0,01472 1,18203 0,95 WE"
"IQSstation","PIG","PINU.BAN","6k","","RE21","24","348","13.79917","0.01203","1.14810","0.88","WE","PIG 6k  RE21 24 348 13,79917 0,01203 1,14810 0,88 WE"
"IQSstation","PIG","PINU.BAN","6k","","RE22","28","388","11.75630","0.00903","1.31478","0.96","WE","PIG 6k  RE22 28 388 11,75630 0,00903 1,31478 0,96 WE"
"IQSstation","SAB","ABIE.BAL","2a","","MJ11","22","476","26.24700","0.00616","1.36566","0.92","WE","SAB 2a  MJ11 22 476 26,24700 0,00616 1,36566 0,92 WE"
"IQSstation","SAB","ABIE.BAL","2b","","MJ24","26","496","24.82606","0.00727","1.29801","0.90","WE","SAB 2b  MJ24 26 496 24,82606 0,00727 1,29801 0,90 WE"
"IQSstation","SAB","ABIE.BAL","2b","","MJ25","28","568","28.19216","0.00523","1.32952","0.90","WE","SAB 2b  MJ25 28 568 28,19216 0,00523 1,32952 0,90 WE"
"IQSstation","SAB","ABIE.BAL","2b","","RS54","20","389","26.43686","0.00493","1.34000","0.91","WE","SAB 2b  RS54 20 389 26,43686 0,00493 1,34000 0,91 WE"
"IQSstation","SAB","ABIE.BAL","2c","","MJ12","25","529","25.21340","0.00711","1.36661","0.94","WE","SAB 2c  MJ12 25 529 25,21340 0,00711 1,36661 0,94 WE"
"IQSstation","SAB","ABIE.BAL","2c","","MJ22","20","438","26.08310","0.00576","1.37148","0.90","WE","SAB 2c  MJ22 20 438 26,08310 0,00576 1,37148 0,90 WE"
"IQSstation","SAB","ABIE.BAL","3a","","MJ12","21","392","27.44418","0.02811","1.54763","0.94","CR","SAB 3a  MJ12 21 392 27,44418 0,02811 1,54763 0,94 CR"
"IQSstation","SAB","ABIE.BAL","3a","","MJ21","23","419","29.61338","0.02430","1.34036","0.87","CR","SAB 3a  MJ21 23 419 29,61338 0,02430 1,34036 0,87 CR"
"IQSstation","SAB","ABIE.BAL","3a","","MJ22","29","593","31.80427","0.02122","1.49372","0.91","CR","SAB 3a  MJ22 29 593 31,80427 0,02122 1,49372 0,91 CR"
"IQSstation","SAB","ABIE.BAL","3b","","MJ12","28","542","32.98271","0.00463","1.31229","0.92","WE","SAB 3b  MJ12 28 542 32,98271 0,00463 1,31229 0,92 WE"
"IQSstation","SAB","ABIE.BAL","3b","","MJ21","29","538","23.17058","0.00398","1.50592","0.89","WE","SAB 3b  MJ21 29 538 23,17058 0,00398 1,50592 0,89 WE"
"IQSstation","SAB","ABIE.BAL","3b","","MJ22","28","576","24.05524","0.00629","1.38914","0.95","WE","SAB 3b  MJ22 28 576 24,05524 0,00629 1,38914 0,95 WE"
"IQSstation","SAB","ABIE.BAL","3b","","RP11","16","264","22.36121","0.00742","1.31238","0.95","WE","SAB 3b  RP11 16 264 22,36121 0,00742 1,31238 0,95 WE"
"IQSstation","SAB","ABIE.BAL","3b","","RS10","22","360","86.02280","0.00285","1.05384","0.89","WE","SAB 3b  RS10 22 360 86,02280 0,00285 1,05384 0,89 WE"
"IQSstation","SAB","ABIE.BAL","3b","","RS12","27","457","31.52286","0.00529","1.23738","0.83","WE","SAB 3b  RS12 27 457 31,52286 0,00529 1,23738 0,83 WE"
"IQSstation","SAB","ABIE.BAL","3c","","MJ12","27","565","31.95904","0.02013","1.45114","0.90","CR","SAB 3c  MJ12 27 565 31,95904 0,02013 1,45114 0,90 CR"
"IQSstation","SAB","ABIE.BAL","3c","","MJ22","38","713","32.28342","0.01877","1.33753","0.90","CR","SAB 3c  MJ22 38 713 32,28342 0,01877 1,33753 0,90 CR"
"IQSstation","SAB","ABIE.BAL","3c","","MJ25","26","490","32.20860","0.02000","1.41312","0.95","CR","SAB 3c  MJ25 26 490 32,20860 0,02000 1,41312 0,95 CR"
"IQSstation","SAB","ABIE.BAL","3c","","RS52","29","496","30.53642","0.01470","1.21002","0.90","CR","SAB 3c  RS52 29 496 30,53642 0,01470 1,21002 0,90 CR"
"IQSstation","SAB","ABIE.BAL","3d","","MJ12","32","630","25.04676","0.00587","1.35238","0.92","WE","SAB 3d  MJ12 32 630 25,04676 0,00587 1,35238 0,92 WE"
"IQSstation","SAB","ABIE.BAL","3d","","MJ15","21","424","26.37790","0.00690","1.30032","0.83","WE","SAB 3d  MJ15 21 424 26,37790 0,00690 1,30032 0,83 WE"
"IQSstation","SAB","ABIE.BAL","3d","","MJ16","16","326","23.78698","0.00644","1.39764","0.89","WE","SAB 3d  MJ16 16 326 23,78698 0,00644 1,39764 0,89 WE"
"IQSstation","SAB","ABIE.BAL","3d","","MJ22","31","542","24.86477","0.00622","1.29224","0.90","WE","SAB 3d  MJ22 31 542 24,86477 0,00622 1,29224 0,90 WE"
"IQSstation","SAB","ABIE.BAL","3d","","MJ25","29","551","24.66915","0.00993","1.23819","0.84","WE","SAB 3d  MJ25 29 551 24,66915 0,00993 1,23819 0,84 WE"
"IQSstation","SAB","ABIE.BAL","3d","","RS55","25","430","26.01338","0.00668","1.22665","0.95","WE","SAB 3d  RS55 25 430 26,01338 0,00668 1,22665 0,95 WE"
"IQSstation","SAB","ABIE.BAL","4a","","MJ22","24","427","26.22030","0.00390","1.46309","0.82","WE","SAB 4a  MJ22 24 427 26,22030 0,00390 1,46309 0,82 WE"
"IQSstation","SAB","ABIE.BAL","4a","","MS22","29","500","25.17639","0.00759","1.31372","0.92","WE","SAB 4a  MS22 29 500 25,17639 0,00759 1,31372 0,92 WE"
"IQSstation","SAB","ABIE.BAL","4a","","MS26","25","462","27.72868","0.00734","1.25205","0.90","WE","SAB 4a  MS26 25 462 27,72868 0,00734 1,25205 0,90 WE"
"IQSstation","SAB","ABIE.BAL","4a","","RS22","20","333","25.85887","0.00617","1.28680","0.83","WE","SAB 4a  RS22 20 333 25,85887 0,00617 1,28680 0,83 WE"
"IQSstation","SAB","ABIE.BAL","4a","","RS25","34","558","28.32447","0.01012","1.11410","0.91","WE","SAB 4a  RS25 34 558 28,32447 0,01012 1,11410 0,91 WE"
"IQSstation","SAB","ABIE.BAL","4b","","RS12","25","378","28.57232","0.00399","1.32002","0.89","WE","SAB 4b  RS12 25 378 28,57232 0,00399 1,32002 0,89 WE"
"IQSstation","SAB","ABIE.BAL","4b","","RS21","30","461","21.06368","0.00845","1.24572","0.89","WE","SAB 4b  RS21 30 461 21,06368 0,00845 1,24572 0,89 WE"
"IQSstation","SAB","ABIE.BAL","4c","","MJ22","33","577","21.78297","0.00581","1.39583","0.91","WE","SAB 4c  MJ22 33 577 21,78297 0,00581 1,39583 0,91 WE"
"IQSstation","SAB","ABIE.BAL","4c","","MJ25","24","429","148.97094","0.00091","1.20167","0.91","WE","SAB 4c  MJ25 24 429 148,97094 0,00091 1,20167 0,91 WE"
"IQSstation","SAB","ABIE.BAL","4c","","MS22","40","668","29.82049","0.00736","1.21703","0.90","WE","SAB 4c  MS22 40 668 29,82049 0,00736 1,21703 0,90 WE"
"IQSstation","SAB","ABIE.BAL","4c","","MS25","25","412","25.29622","0.00701","1.30372","0.93","WE","SAB 4c  MS25 25 412 25,29622 0,00701 1,30372 0,93 WE"
"IQSstation","SAB","ABIE.BAL","4c","","RS22","18","302","26.29527","0.00778","1.18615","0.92","WE","SAB 4c  RS22 18 302 26,29527 0,00778 1,18615 0,92 WE"
"IQSstation","SAB","ABIE.BAL","4d","","MS12","32","547","19.94768","0.00292","1.59505","0.79","WE","SAB 4d  MS12 32 547 19,94768 0,00292 1,59505 0,79 WE"
"IQSstation","SAB","ABIE.BAL","4d","","MS22","31","488","19.16748","0.01162","1.25079","0.95","WE","SAB 4d  MS22 31 488 19,16748 0,01162 1,25079 0,95 WE"
"IQSstation","SAB","ABIE.BAL","4f","","FE32","22","397","23.60205","0.00902","1.27776","0.93","WE","SAB 4f  FE32 22 397 23,60205 0,00902 1,27776 0,93 WE"
"IQSstation","SAB","ABIE.BAL","4f","","MS12","84","1423","25.28190","0.00705","1.29867","0.91","WE","SAB 4f  MS12 84 1423 25,28190 0,00705 1,29867 0,91 WE"
"IQSstation","SAB","ABIE.BAL","4f","","MS15","43","753","25.17454","0.00561","1.37875","0.96","WE","SAB 4f  MS15 43 753 25,17454 0,00561 1,37875 0,96 WE"
"IQSstation","SAB","ABIE.BAL","4f","","MS22","27","481","28.58126","0.00671","1.22034","0.94","WE","SAB 4f  MS22 27 481 28,58126 0,00671 1,22034 0,94 WE"
"IQSstation","SAB","ABIE.BAL","4f","","RS12","27","437","34.76357","0.00549","1.13930","0.89","WE","SAB 4f  RS12 27 437 34,76357 0,00549 1,13930 0,89 WE"
"IQSstation","SAB","ABIE.BAL","4f","","RS15","18","321","34.85620","0.00514","1.19729","0.89","WE","SAB 4f  RS15 18 321 34,85620 0,00514 1,19729 0,89 WE"
"IQSstation","SAB","ABIE.BAL","4f","","RS52","26","430","38.02753","0.00577","1.12463","0.89","WE","SAB 4f  RS52 26 430 38,02753 0,00577 1,12463 0,89 WE"
"IQSstation","SAB","ABIE.BAL","4f","","RS55","17","282","60.15277","0.00428","1.07560","0.84","WE","SAB 4f  RS55 17 282 60,15277 0,00428 1,07560 0,84 WE"
"IQSstation","SAB","ABIE.BAL","4g","","MS13","24","470","27.40048","0.00588","1.26410","0.93","WE","SAB 4g  MS13 24 470 27,40048 0,00588 1,26410 0,93 WE SAB 4g  MS23"
"IQSstation","SAB","ABIE.BAL","4g","","RS16","27","484","29.06752","0.00441","1.25881","0.84","WE","SAB 4g  RS16 27 484 29,06752 0,00441 1,25881 0,84 WE"
"IQSstation","SAB","ABIE.BAL","4h","","MS13","27","483","22.05902","0.00977","1.24470","0.93","WE","SAB 4h  MS13 27 483 22,05902 0,00977 1,24470 0,93 WE"
"IQSstation","SAB","ABIE.BAL","4h","","MS23","18","313","25.97092","0.00516","1.25775","0.80","WE","SAB 4h  MS23 18 313 25,97092 0,00516 1,25775 0,80 WE"
"IQSstation","SAB","ABIE.BAL","4h","","MS26","22","353","27.60244","0.00487","1.23695","0.92","WE","SAB 4h  MS26 22 353 27,60244 0,00487 1,23695 0,92 WE"
"IQSstation","SAB","ABIE.BAL","5a","","MS23","31","594","29.23955","0.02455","1.35917","0.89","CR","SAB 5a  MS23 31 594 29,23955 0,02455 1,35917 0,89 CR"
"IQSstation","SAB","ABIE.BAL","5a","","MS26","25","485","29.77946","0.02257","1.39372","0.96","CR","SAB 5a  MS26 25 485 29,77946 0,02257 1,39372 0,96 CR"
"IQSstation","SAB","ABIE.BAL","5b","","MS22","48","835","24.84198","0.01141","1.18206","0.89","WE","SAB 5b  MS22 48 835 24,84198 0,01141 1,18206 0,89 WE"
"IQSstation","SAB","ABIE.BAL","5b","","RS22","29","451","20.21602","0.00846","1.27205","0.89","WE","SAB 5b  RS22 29 451 20,21602 0,00846 1,27205 0,89 WE"
"IQSstation","SAB","ABIE.BAL","5c","","MS22","29","482","36.89541","0.00506","1.20144","0.85","WE","SAB 5c  MS22 29 482 36,89541 0,00506 1,20144 0,85 WE"
"IQSstation","SAB","ABIE.BAL","5c","","RS22","26","389","85.15931","0.00398","0.93464","0.84","WE","SAB 5c  RS22 26 389 85,15931 0,00398 0,93464 0,84 WE"
"IQSstation","SAB","ABIE.BAL","5d","","MS12","35","592","28.02341","0.00790","1.22370","0.89","WE","SAB 5d  MS12 35 592 28,02341 0,00790 1,22370 0,89 WE"
"IQSstation","SAB","ABIE.BAL","5d","","MS22","36","636","22.23178","0.00819","1.31004","0.88","WE","SAB 5d  MS22 36 636 22,23178 0,00819 1,31004 0,88 WE"
"IQSstation","SAB","ABIE.BAL","5d","","RS22","29","500","21.46441","0.00828","1.25234","0.93","WE","SAB 5d  RS22 29 500 21,46441 0,00828 1,25234 0,93 WE"
"IQSstation","SAB","ABIE.BAL","5e","","MS20","28","416","47.26319","0.00390","1.08243","0.87","WE","SAB 5e  MS20 28 416 47,26319 0,00390 1,08243 0,87 WE"
"IQSstation","SAB","ABIE.BAL","5e","","RS20","28","377","34.18671","0.00600","1.03584","0.83","WE","SAB 5e  RS20 28 377 34,18671 0,00600 1,03584 0,83 WE"
"IQSstation","SAB","ABIE.BAL","5e","","RS25","31","454","35.96146","0.00537","1.08585","0.82","WE","SAB 5e  RS25 31 454 35,96146 0,00537 1,08585 0,82 WE"
"IQSstation","SAB","ABIE.BAL","5e","5eS","MS22","19","306","62.37646","0.00401","0.97206","0.88","WE","SAB 5e 5eS MS22 19 306 62,37646 0,00401 0,97206 0,88 WE"
"IQSstation","SAB","ABIE.BAL","5e","5eS","RS22","22","322","40.42308","0.00372","1.10261","0.92","WE","SAB 5e 5eS RS22 22 322 40,42308 0,00372 1,10261 0,92 WE"
"IQSstation","SAB","ABIE.BAL","5e","5eT","MS12","24","407","21.81749","0.00875","1.31818","0.96","WE","SAB 5e 5eT MS12 24 407 21,81749 0,00875 1,31818 0,96 WE"
"IQSstation","SAB","ABIE.BAL","5e","5eT","MS22","80","1221","38.20408","0.00580","1.10103","0.83","WE","SAB 5e 5eT MS22 80 1221 38,20408 0,00580 1,10103 0,83 WE"
"IQSstation","SAB","ABIE.BAL","5e","5eT","RS22","14","189","82.92360","0.00370","0.93185","0.89","WE","SAB 5e 5eT RS22 14 189 82,92360 0,00370 0,93185 0,89 WE"
"IQSstation","SAB","ABIE.BAL","5f","","RS22M","15","230","25.10435","0.01340","1.00424","0.95","WE","SAB 5f  RS22M 15 230 25,10435 0,01340 1,00424 0,95 WE"
"IQSstation","SAB","ABIE.BAL","5f","5fS","MS12","13","220","57.52283","0.00293","1.17250","0.64","WE","SAB 5f 5fS MS12 13 220 57,52283 0,00293 1,17250 0,64 WE"
"IQSstation","SAB","ABIE.BAL","5f","5fS","MS22","30","452","40.21611","0.00334","1.14307","0.91","WE","SAB 5f 5fS MS22 30 452 40,21611 0,00334 1,14307 0,91 WE"
"IQSstation","SAB","ABIE.BAL","5g","","MS22","40","677","29.07487","0.00662","1.18854","0.89","WE","SAB 5g  MS22 40 677 29,07487 0,00662 1,18854 0,89 WE"
"IQSstation","SAB","ABIE.BAL","5g","","RS20","19","274","22.15725","0.00604","1.22663","0.86","WE","SAB 5g  RS20 19 274 22,15725 0,00604 1,22663 0,86 WE"
"IQSstation","SAB","ABIE.BAL","5g","","RS21","15","192","26.14627","0.00649","1.14465","0.93","WE","SAB 5g  RS21 15 192 26,14627 0,00649 1,14465 0,93 WE"
"IQSstation","SAB","ABIE.BAL","5g","","RS22","37","589","20.75428","0.00433","1.31700","0.92","WE","SAB 5g  RS22 37 589 20,75428 0,00433 1,31700 0,92 WE"
"IQSstation","SAB","ABIE.BAL","5h","","MS13","35","606","35.27597","0.00804","1.09811","0.91","WE","SAB 5h  MS13 35 606 35,27597 0,00804 1,09811 0,91 WE"
"IQSstation","SAB","ABIE.BAL","5h","","MS23","39","645","34.14274","0.00593","1.13228","0.88","WE","SAB 5h  MS23 39 645 34,14274 0,00593 1,13228 0,88 WE"
"IQSstation","SAB","ABIE.BAL","5h","","MS26","22","384","30.89620","0.00575","1.19873","0.93","WE","SAB 5h  MS26 22 384 30,89620 0,00575 1,19873 0,93 WE"
"IQSstation","SAB","ABIE.BAL","5h","","RS13","22","396","63.08007","0.00265","1.13413","0.85","WE","SAB 5h  RS13 22 396 63,08007 0,00265 1,13413 0,85 WE"
"IQSstation","SAB","ABIE.BAL","5h","","RS23","20","304","45.61119","0.00479","1.05288","0.83","WE","SAB 5h  RS23 20 304 45,61119 0,00479 1,05288 0,83 WE"
"IQSstation","SAB","ABIE.BAL","5i","","MS23","29","447","29.36198","0.00721","1.10362","0.92","WE","SAB 5i  MS23 29 447 29,36198 0,00721 1,10362 0,92 WE"
"IQSstation","SAB","ABIE.BAL","5i","","MS26","26","396","38.76757","0.00595","1.07676","0.87","WE","SAB 5i  MS26 26 396 38,76757 0,00595 1,07676 0,87 WE"
"IQSstation","SAB","ABIE.BAL","5i","","MS43","23","267","15.03967","0.00561","1.22699","0.89","WE","SAB 5i  MS43 23 267 15,03967 0,00561 1,22699 0,89 WE"
"IQSstation","SAB","ABIE.BAL","5i","","RS23","15","245","130.65665","0.00244","0.91145","0.92","WE","SAB 5i  RS23 15 245 130,65665 0,00244 0,91145 0,92 WE"
"IQSstation","SAB","ABIE.BAL","5j","","RB52","24","358","30.61874","0.00206","1.27687","0.64","WE","SAB 5j  RB52 24 358 30,61874 0,00206 1,27687 0,64 WE"
"IQSstation","SAB","ABIE.BAL","5j","","RS23","23","300","46.58039","0.00373","1.02514","0.80","WE","SAB 5j  RS23 23 300 46,58039 0,00373 1,02514 0,80 WE"
"IQSstation","SAB","ABIE.BAL","6a","","RS22","15","250","38.42353","0.00608","1.17052","0.87","WE","SAB 6a  RS22 15 250 38,42353 0,00608 1,17052 0,87 WE"
"IQSstation","SAB","ABIE.BAL","6c","","RS22","18","287","37.49543","0.00665","1.06057","0.92","WE","SAB 6c  RS22 18 287 37,49543 0,00665 1,06057 0,92 WE"
"IQSstation","SAB","ABIE.BAL","6e","","MS22","26","494","30.48114","0.00506","1.23697","0.84","WE","SAB 6e  MS22 26 494 30,48114 0,00506 1,23697 0,84 WE"
"IQSstation","SAB","ABIE.BAL","6e","","RS22","28","526","23.35814","0.00881","1.21646","0.92","WE","SAB 6e  RS22 28 526 23,35814 0,00881 1,21646 0,92 WE"
"IQSstation","SAB","ABIE.BAL","6f","","RS22","21","359","26.96097","0.01388","1.22815","0.95","CR","SAB 6f  RS22 21 359 26,96097 0,01388 1,22815 0,95 CR"
"IQSstation","SAB","ABIE.BAL","6h","","MS22","23","365","100.73717","0.00125","1.15852","0.87","WE","SAB 6h  MS22 23 365 100,73717 0,00125 1,15852 0,87 WE"
"IQSstation","SAB","ABIE.BAL","6h","","RS20","25","365","26.57814","0.00622","1.08611","0.92","WE","SAB 6h  RS20 25 365 26,57814 0,00622 1,08611 0,92 WE"
"IQSstation","SAB","ABIE.BAL","6h","","RS22","24","361","31.59761","0.00633","1.07004","0.79","WE","SAB 6h  RS22 24 361 31,59761 0,00633 1,07004 0,79 WE"
"IQSstation","SAB","ABIE.BAL","6h","","RS22M","25","416","29.46495","0.00741","1.12228","0.88","WE","SAB 6h  RS22M 25 416 29,46495 0,00741 1,12228 0,88 WE"
"IQSstation","SAB","ABIE.BAL","6h","","RS25","29","496","38.50368","0.00467","1.07183","0.93","WE","SAB 6h  RS25 29 496 38,50368 0,00467 1,07183 0,93 WE"
"IQSstation","SAB","ABIE.BAL","6i","","MS22","22","391","108.21346","0.00261","0.98861","0.91","WE","SAB 6i  MS22 22 391 108,21346 0,00261 0,98861 0,91 WE"
"IQSstation","SAB","ABIE.BAL","6i","","RS20","18","295","24.38136","0.00471","1.23486","0.87","WE","SAB 6i  RS20 18 295 24,38136 0,00471 1,23486 0,87 WE"
"IQSstation","SAB","ABIE.BAL","6i","","RS22M","23","366","31.48606","0.00305","1.19860","0.95","WE","SAB 6i  RS22M 23 366 31,48606 0,00305 1,19860 0,95 WE"
"IQSstation","SAB","ABIE.BAL","6i","","RS25","26","434","95.26040","0.00210","1.02562","0.94","WE","SAB 6i  RS25 26 434 95,26040 0,00210 1,02562 0,94 WE"
"IQSstation","SAB","ABIE.BAL","6j","","MS22","20","334","48.25235","0.00495","1.02861","0.93","WE","SAB 6j  MS22 20 334 48,25235 0,00495 1,02861 0,93 WE"
"IQSstation","SAB","ABIE.BAL","6j","","RS20","28","423","33.93776","0.00521","1.08487","0.93","WE","SAB 6j  RS20 28 423 33,93776 0,00521 1,08487 0,93 WE"
"IQSstation","SAB","ABIE.BAL","6j","","RS22","26","425","40.28978","0.00666","0.98353","0.95","WE","SAB 6j  RS22 26 425 40,28978 0,00666 0,98353 0,95 WE"
"IQSstation","SAB","ABIE.BAL","6j","","RS22M","21","341","23.56722","0.00798","1.12632","0.86","WE","SAB 6j  RS22M 21 341 23,56722 0,00798 1,12632 0,86 WE"
"IQSstation","SAB","ABIE.BAL","6k","","RS22","22","345","24.78841","0.00677","1.10511","0.90","WE","SAB 6k  RS22 22 345 24,78841 0,00677 1,10511 0,90 WE"
"IQSstation","SAB","ABIE.BAL","6l","","RS22","24","445","21.66843","0.00599","1.18696","0.96","WE","SAB 6l  RS22 24 445 21,66843 0,00599 1,18696 0,96 WE"
"IQSstation","SAB","ABIE.BAL","6l","","RS22M","24","475","25.00200","0.00727","1.13349","0.94","WE","SAB 6l  RS22M 24 475 25,00200 0,00727 1,13349 0,94 WE"
"IQSstation","SAB","ABIE.BAL","6l","","RS25","23","363","46.57865","0.00423","0.99464","0.91","WE","SAB 6l  RS25 23 363 46,57865 0,00423 0,99464 0,91 WE"
"IQSstation","SAB","ABIE.BAL","6n","","MS22","20","343","61.17680","0.00196","1.10178","0.92","WE","SAB 6n  MS22 20 343 61,17680 0,00196 1,10178 0,92 WE"
"IQSstation","SAB","ABIE.BAL","6n","","RS22","14","188","22.97542","0.00144","1.34166","0.95","WE","SAB 6n  RS22 14 188 22,97542 0,00144 1,34166 0,95 WE"
"IQSstation","THO","THUJ.OCC","3b","","RS10","9","116","22.30144","0.00546","1.13047","0.78","WE","THO 3b  RS10 9 116 22,30144 0,00546 1,13047 0,78 WE"
"IQSstation","THO","THUJ.OCC","4f","","RS12","19","269","0.16874","","","0.95","LIN","THO 4f  RS12 19 269 0,16874 NA NA 0,95 LIN"
"IQSstation","THO","THUJ.OCC","4f","","RS15","12","167","0.14895","","","0.95","LIN","THO 4f  RS15 12 167 0,14895 NA NA 0,95 LIN"
"IQSstation","THO","THUJ.OCC","4g","","RS16","19","310","26.25978","0.00627","1.11139","0.94","WE","THO 4g  RS16 19 310 26,25978 0,00627 1,11139 0,94 WE"
